[17:34:09] [Datafixer Bootstrap/INFO]: 291 Datafixer optimizations took 858 milliseconds
[17:34:16] [Render thread/INFO]: Environment: Environment[sessionHost=https://sessionserver.mojang.com, servicesHost=https://api.minecraftservices.com, profilesHost=https://api.mojang.com, name=PROD]
[17:34:16] [Render thread/INFO]: Setting user: NezarFB
[17:34:16] [Render thread/INFO]: Backend library: LWJGL version 3.4.1+2
[17:34:17] [Render thread/INFO]: Using optional rendering extensions: GL_ARB_buffer_storage, GL_KHR_debug, GL_ARB_vertex_attrib_binding, GL_ARB_direct_state_access, GL_EXT_texture_filter_anisotropic
[17:34:18] [Render thread/ERROR]: Error while loading the narrator
com.mojang.text2speech.Narrator$InitializeException: Failed to load library flite
	at com.mojang.text2speech.NarratorLinux$FliteLibrary.loadNative(NarratorLinux.java:81)
	at com.mojang.text2speech.NarratorLinux.<init>(NarratorLinux.java:18)
	at com.mojang.text2speech.Narrator.getNarrator(Narrator.java:41)
	at net.minecraft.client.GameNarrator.<init>(GameNarrator.java:20)
	at net.minecraft.client.Minecraft.<init>(Minecraft.java:726)
	at net.minecraft.client.main.Main.main(Main.java:232)
Caused by: java.lang.UnsatisfiedLinkError: Unable to load library 'flite':
libflite.so: cannot open shared object file: No such file or directory
libflite.so: cannot open shared object file: No such file or directory
Native library (linux-x86-64/libflite.so) not found in resource path (/home/nezar/.minecraft/libraries/at/yawk/lz4/lz4-java/1.10.1/lz4-java-1.10.1.jar:/home/nezar/.minecraft/libraries/com/azure/azure-json/1.4.0/azure-json-1.4.0.jar:/home/nezar/.minecraft/libraries/com/github/oshi/oshi-core/6.9.0/oshi-core-6.9.0.jar:/home/nezar/.minecraft/libraries/com/google/code/gson/gson/2.13.2/gson-2.13.2.jar:/home/nezar/.minecraft/libraries/com/google/guava/failureaccess/1.0.3/failureaccess-1.0.3.jar:/home/nezar/.minecraft/libraries/com/google/guava/guava/33.5.0-jre/guava-33.5.0-jre.jar:/home/nezar/.minecraft/libraries/com/ibm/icu/icu4j/77.1/icu4j-77.1.jar:/home/nezar/.minecraft/libraries/com/microsoft/azure/msal4j/1.23.1/msal4j-1.23.1.jar:/home/nezar/.minecraft/libraries/com/mojang/authlib/7.0.63/authlib-7.0.63.jar:/home/nezar/.minecraft/libraries/com/mojang/blocklist/1.0.10/blocklist-1.0.10.jar:/home/nezar/.minecraft/libraries/com/mojang/brigadier/1.3.10/brigadier-1.3.10.jar:/home/nezar/.minecraft/libraries/com/mojang/datafixerupper/9.0.19/datafixerupper-9.0.19.jar:/home/nezar/.minecraft/libraries/com/mojang/jtracy/1.0.37/jtracy-1.0.37.jar:/home/nezar/.minecraft/libraries/com/mojang/jtracy/1.0.37/jtracy-1.0.37-natives-linux.jar:/home/nezar/.minecraft/libraries/com/mojang/logging/1.6.11/logging-1.6.11.jar:/home/nezar/.minecraft/libraries/com/mojang/patchy/2.2.10/patchy-2.2.10.jar:/home/nezar/.minecraft/libraries/com/mojang/text2speech/1.18.11/text2speech-1.18.11.jar:/home/nezar/.minecraft/libraries/commons-codec/commons-codec/1.19.0/commons-codec-1.19.0.jar:/home/nezar/.minecraft/libraries/commons-io/commons-io/2.20.0/commons-io-2.20.0.jar:/home/nezar/.minecraft/libraries/io/netty/netty-buffer/4.2.7.Final/netty-buffer-4.2.7.Final.jar:/home/nezar/.minecraft/libraries/io/netty/netty-codec-base/4.2.7.Final/netty-codec-base-4.2.7.Final.jar:/home/nezar/.minecraft/libraries/io/netty/netty-codec-compression/4.2.7.Final/netty-codec-compression-4.2.7.Final.jar:/home/nezar/.minecraft/libraries/io/netty/netty-codec-http/4.2.7.Final/netty-codec-http-4.2.7.Final.jar:/home/nezar/.minecraft/libraries/io/netty/netty-common/4.2.7.Final/netty-common-4.2.7.Final.jar:/home/nezar/.minecraft/libraries/io/netty/netty-handler/4.2.7.Final/netty-handler-4.2.7.Final.jar:/home/nezar/.minecraft/libraries/io/netty/netty-resolver/4.2.7.Final/netty-resolver-4.2.7.Final.jar:/home/nezar/.minecraft/libraries/io/netty/netty-transport-classes-epoll/4.2.7.Final/netty-transport-classes-epoll-4.2.7.Final.jar:/home/nezar/.minecraft/libraries/io/netty/netty-transport-classes-kqueue/4.2.7.Final/netty-transport-classes-kqueue-4.2.7.Final.jar:/home/nezar/.minecraft/libraries/io/netty/netty-transport-native-epoll/4.2.7.Final/netty-transport-native-epoll-4.2.7.Final-linux-aarch_64.jar:/home/nezar/.minecraft/libraries/io/netty/netty-transport-native-epoll/4.2.7.Final/netty-transport-native-epoll-4.2.7.Final-linux-x86_64.jar:/home/nezar/.minecraft/libraries/io/netty/netty-transport-native-unix-common/4.2.7.Final/netty-transport-native-unix-common-4.2.7.Final.jar:/home/nezar/.minecraft/libraries/io/netty/netty-transport/4.2.7.Final/netty-transport-4.2.7.Final.jar:/home/nezar/.minecraft/libraries/it/unimi/dsi/fastutil/8.5.18/fastutil-8.5.18.jar:/home/nezar/.minecraft/libraries/net/java/dev/jna/jna-platform/5.17.0/jna-platform-5.17.0.jar:/home/nezar/.minecraft/libraries/net/java/dev/jna/jna/5.17.0/jna-5.17.0.jar:/home/nezar/.minecraft/libraries/net/sf/jopt-simple/jopt-simple/5.0.4/jopt-simple-5.0.4.jar:/home/nezar/.minecraft/libraries/org/apache/commons/commons-compress/1.28.0/commons-compress-1.28.0.jar:/home/nezar/.minecraft/libraries/org/apache/commons/commons-lang3/3.19.0/commons-lang3-3.19.0.jar:/home/nezar/.minecraft/libraries/org/apache/logging/log4j/log4j-api/2.25.2/log4j-api-2.25.2.jar:/home/nezar/.minecraft/libraries/org/apache/logging/log4j/log4j-core/2.25.2/log4j-core-2.25.2.jar:/home/nezar/.minecraft/libraries/org/apache/logging/log4j/log4j-slf4j2-impl/2.25.2/log4j-slf4j2-impl-2.25.2.jar:/home/nezar/.minecraft/libraries/org/jcraft/jorbis/0.0.17/jorbis-0.0.17.jar:/home/nezar/.minecraft/libraries/org/joml/joml/1.10.8/joml-1.10.8.jar:/home/nezar/.minecraft/libraries/org/jspecify/jspecify/1.0.0/jspecify-1.0.0.jar:/home/nezar/.minecraft/libraries/org/lwjgl/lwjgl-freetype/3.4.1/lwjgl-freetype-3.4.1.jar:/home/nezar/.minecraft/libraries/org/lwjgl/lwjgl-freetype/3.4.1/lwjgl-freetype-3.4.1-natives-linux.jar:/home/nezar/.minecraft/libraries/org/lwjgl/lwjgl-glfw/3.4.1/lwjgl-glfw-3.4.1.jar:/home/nezar/.minecraft/libraries/org/lwjgl/lwjgl-glfw/3.4.1/lwjgl-glfw-3.4.1-natives-linux.jar:/home/nezar/.minecraft/libraries/org/lwjgl/lwjgl-jemalloc/3.4.1/lwjgl-jemalloc-3.4.1.jar:/home/nezar/.minecraft/libraries/org/lwjgl/lwjgl-jemalloc/3.4.1/lwjgl-jemalloc-3.4.1-natives-linux.jar:/home/nezar/.minecraft/libraries/org/lwjgl/lwjgl-openal/3.4.1/lwjgl-openal-3.4.1.jar:/home/nezar/.minecraft/libraries/org/lwjgl/lwjgl-openal/3.4.1/lwjgl-openal-3.4.1-natives-linux.jar:/home/nezar/.minecraft/libraries/org/lwjgl/lwjgl-opengl/3.4.1/lwjgl-opengl-3.4.1.jar:/home/nezar/.minecraft/libraries/org/lwjgl/lwjgl-opengl/3.4.1/lwjgl-opengl-3.4.1-natives-linux.jar:/home/nezar/.minecraft/libraries/org/lwjgl/lwjgl-stb/3.4.1/lwjgl-stb-3.4.1.jar:/home/nezar/.minecraft/libraries/org/lwjgl/lwjgl-stb/3.4.1/lwjgl-stb-3.4.1-natives-linux.jar:/home/nezar/.minecraft/libraries/org/lwjgl/lwjgl-tinyfd/3.4.1/lwjgl-tinyfd-3.4.1.jar:/home/nezar/.minecraft/libraries/org/lwjgl/lwjgl-tinyfd/3.4.1/lwjgl-tinyfd-3.4.1-natives-linux.jar:/home/nezar/.minecraft/libraries/org/lwjgl/lwjgl/3.4.1/lwjgl-3.4.1.jar:/home/nezar/.minecraft/libraries/org/lwjgl/lwjgl/3.4.1/lwjgl-3.4.1-natives-linux.jar:/home/nezar/.minecraft/libraries/org/slf4j/slf4j-api/2.0.17/slf4j-api-2.0.17.jar:/home/nezar/.minecraft/versions/26.1.2/26.1.2.jar)
	at com.sun.jna.NativeLibrary.loadLibrary(NativeLibrary.java:325)
	at com.sun.jna.NativeLibrary.getInstance(NativeLibrary.java:481)
	at com.sun.jna.NativeLibrary.getInstance(NativeLibrary.java:423)
	at com.mojang.text2speech.NarratorLinux$FliteLibrary.loadNative(NarratorLinux.java:79)
	... 5 more
	Suppressed: java.lang.UnsatisfiedLinkError: libflite.so: cannot open shared object file: No such file or directory
		at com.sun.jna.Native.open(Native Method)
		at com.sun.jna.NativeLibrary.loadLibrary(NativeLibrary.java:213)
		... 8 more
	Suppressed: java.lang.UnsatisfiedLinkError: libflite.so: cannot open shared object file: No such file or directory
		at com.sun.jna.Native.open(Native Method)
		at com.sun.jna.NativeLibrary.loadLibrary(NativeLibrary.java:226)
		... 8 more
	Suppressed: java.io.IOException: Native library (linux-x86-64/libflite.so) not found in resource path (/home/nezar/.minecraft/libraries/at/yawk/lz4/lz4-java/1.10.1/lz4-java-1.10.1.jar:/home/nezar/.minecraft/libraries/com/azure/azure-json/1.4.0/azure-json-1.4.0.jar:/home/nezar/.minecraft/libraries/com/github/oshi/oshi-core/6.9.0/oshi-core-6.9.0.jar:/home/nezar/.minecraft/libraries/com/google/code/gson/gson/2.13.2/gson-2.13.2.jar:/home/nezar/.minecraft/libraries/com/google/guava/failureaccess/1.0.3/failureaccess-1.0.3.jar:/home/nezar/.minecraft/libraries/com/google/guava/guava/33.5.0-jre/guava-33.5.0-jre.jar:/home/nezar/.minecraft/libraries/com/ibm/icu/icu4j/77.1/icu4j-77.1.jar:/home/nezar/.minecraft/libraries/com/microsoft/azure/msal4j/1.23.1/msal4j-1.23.1.jar:/home/nezar/.minecraft/libraries/com/mojang/authlib/7.0.63/authlib-7.0.63.jar:/home/nezar/.minecraft/libraries/com/mojang/blocklist/1.0.10/blocklist-1.0.10.jar:/home/nezar/.minecraft/libraries/com/mojang/brigadier/1.3.10/brigadier-1.3.10.jar:/home/nezar/.minecraft/libraries/com/mojang/datafixerupper/9.0.19/datafixerupper-9.0.19.jar:/home/nezar/.minecraft/libraries/com/mojang/jtracy/1.0.37/jtracy-1.0.37.jar:/home/nezar/.minecraft/libraries/com/mojang/jtracy/1.0.37/jtracy-1.0.37-natives-linux.jar:/home/nezar/.minecraft/libraries/com/mojang/logging/1.6.11/logging-1.6.11.jar:/home/nezar/.minecraft/libraries/com/mojang/patchy/2.2.10/patchy-2.2.10.jar:/home/nezar/.minecraft/libraries/com/mojang/text2speech/1.18.11/text2speech-1.18.11.jar:/home/nezar/.minecraft/libraries/commons-codec/commons-codec/1.19.0/commons-codec-1.19.0.jar:/home/nezar/.minecraft/libraries/commons-io/commons-io/2.20.0/commons-io-2.20.0.jar:/home/nezar/.minecraft/libraries/io/netty/netty-buffer/4.2.7.Final/netty-buffer-4.2.7.Final.jar:/home/nezar/.minecraft/libraries/io/netty/netty-codec-base/4.2.7.Final/netty-codec-base-4.2.7.Final.jar:/home/nezar/.minecraft/libraries/io/netty/netty-codec-compression/4.2.7.Final/netty-codec-compression-4.2.7.Final.jar:/home/nezar/.minecraft/libraries/io/netty/netty-codec-http/4.2.7.Final/netty-codec-http-4.2.7.Final.jar:/home/nezar/.minecraft/libraries/io/netty/netty-common/4.2.7.Final/netty-common-4.2.7.Final.jar:/home/nezar/.minecraft/libraries/io/netty/netty-handler/4.2.7.Final/netty-handler-4.2.7.Final.jar:/home/nezar/.minecraft/libraries/io/netty/netty-resolver/4.2.7.Final/netty-resolver-4.2.7.Final.jar:/home/nezar/.minecraft/libraries/io/netty/netty-transport-classes-epoll/4.2.7.Final/netty-transport-classes-epoll-4.2.7.Final.jar:/home/nezar/.minecraft/libraries/io/netty/netty-transport-classes-kqueue/4.2.7.Final/netty-transport-classes-kqueue-4.2.7.Final.jar:/home/nezar/.minecraft/libraries/io/netty/netty-transport-native-epoll/4.2.7.Final/netty-transport-native-epoll-4.2.7.Final-linux-aarch_64.jar:/home/nezar/.minecraft/libraries/io/netty/netty-transport-native-epoll/4.2.7.Final/netty-transport-native-epoll-4.2.7.Final-linux-x86_64.jar:/home/nezar/.minecraft/libraries/io/netty/netty-transport-native-unix-common/4.2.7.Final/netty-transport-native-unix-common-4.2.7.Final.jar:/home/nezar/.minecraft/libraries/io/netty/netty-transport/4.2.7.Final/netty-transport-4.2.7.Final.jar:/home/nezar/.minecraft/libraries/it/unimi/dsi/fastutil/8.5.18/fastutil-8.5.18.jar:/home/nezar/.minecraft/libraries/net/java/dev/jna/jna-platform/5.17.0/jna-platform-5.17.0.jar:/home/nezar/.minecraft/libraries/net/java/dev/jna/jna/5.17.0/jna-5.17.0.jar:/home/nezar/.minecraft/libraries/net/sf/jopt-simple/jopt-simple/5.0.4/jopt-simple-5.0.4.jar:/home/nezar/.minecraft/libraries/org/apache/commons/commons-compress/1.28.0/commons-compress-1.28.0.jar:/home/nezar/.minecraft/libraries/org/apache/commons/commons-lang3/3.19.0/commons-lang3-3.19.0.jar:/home/nezar/.minecraft/libraries/org/apache/logging/log4j/log4j-api/2.25.2/log4j-api-2.25.2.jar:/home/nezar/.minecraft/libraries/org/apache/logging/log4j/log4j-core/2.25.2/log4j-core-2.25.2.jar:/home/nezar/.minecraft/libraries/org/apache/logging/log4j/log4j-slf4j2-impl/2.25.2/log4j-slf4j2-impl-2.25.2.jar:/home/nezar/.minecraft/libraries/org/jcraft/jorbis/0.0.17/jorbis-0.0.17.jar:/home/nezar/.minecraft/libraries/org/joml/joml/1.10.8/joml-1.10.8.jar:/home/nezar/.minecraft/libraries/org/jspecify/jspecify/1.0.0/jspecify-1.0.0.jar:/home/nezar/.minecraft/libraries/org/lwjgl/lwjgl-freetype/3.4.1/lwjgl-freetype-3.4.1.jar:/home/nezar/.minecraft/libraries/org/lwjgl/lwjgl-freetype/3.4.1/lwjgl-freetype-3.4.1-natives-linux.jar:/home/nezar/.minecraft/libraries/org/lwjgl/lwjgl-glfw/3.4.1/lwjgl-glfw-3.4.1.jar:/home/nezar/.minecraft/libraries/org/lwjgl/lwjgl-glfw/3.4.1/lwjgl-glfw-3.4.1-natives-linux.jar:/home/nezar/.minecraft/libraries/org/lwjgl/lwjgl-jemalloc/3.4.1/lwjgl-jemalloc-3.4.1.jar:/home/nezar/.minecraft/libraries/org/lwjgl/lwjgl-jemalloc/3.4.1/lwjgl-jemalloc-3.4.1-natives-linux.jar:/home/nezar/.minecraft/libraries/org/lwjgl/lwjgl-openal/3.4.1/lwjgl-openal-3.4.1.jar:/home/nezar/.minecraft/libraries/org/lwjgl/lwjgl-openal/3.4.1/lwjgl-openal-3.4.1-natives-linux.jar:/home/nezar/.minecraft/libraries/org/lwjgl/lwjgl-opengl/3.4.1/lwjgl-opengl-3.4.1.jar:/home/nezar/.minecraft/libraries/org/lwjgl/lwjgl-opengl/3.4.1/lwjgl-opengl-3.4.1-natives-linux.jar:/home/nezar/.minecraft/libraries/org/lwjgl/lwjgl-stb/3.4.1/lwjgl-stb-3.4.1.jar:/home/nezar/.minecraft/libraries/org/lwjgl/lwjgl-stb/3.4.1/lwjgl-stb-3.4.1-natives-linux.jar:/home/nezar/.minecraft/libraries/org/lwjgl/lwjgl-tinyfd/3.4.1/lwjgl-tinyfd-3.4.1.jar:/home/nezar/.minecraft/libraries/org/lwjgl/lwjgl-tinyfd/3.4.1/lwjgl-tinyfd-3.4.1-natives-linux.jar:/home/nezar/.minecraft/libraries/org/lwjgl/lwjgl/3.4.1/lwjgl-3.4.1.jar:/home/nezar/.minecraft/libraries/org/lwjgl/lwjgl/3.4.1/lwjgl-3.4.1-natives-linux.jar:/home/nezar/.minecraft/libraries/org/slf4j/slf4j-api/2.0.17/slf4j-api-2.0.17.jar:/home/nezar/.minecraft/versions/26.1.2/26.1.2.jar)
		at com.sun.jna.Native.extractFromResourcePath(Native.java:1141)
		at com.sun.jna.NativeLibrary.loadLibrary(NativeLibrary.java:297)
		... 8 more
[17:34:18] [Render thread/INFO]: Reloading ResourceManager: vanilla, file/Fullbright-UB-1.21 fub-6.0.zip
[17:34:19] [Download-1/INFO]: Could not authorize you against Realms server: java.lang.RuntimeException: Failed to parse into SignedJWT: eee3c98fb0c1480fafef2ee03ae2a9b8
[17:34:19] [Download-1/ERROR]: Failed to fetch Realms feature flags
com.mojang.realmsclient.exception.RealmsServiceException: Realms authentication error with message 'java.lang.RuntimeException: Failed to parse into SignedJWT: eee3c98fb0c1480fafef2ee03ae2a9b8'
	at com.mojang.realmsclient.client.RealmsClient.execute(RealmsClient.java:526)
	at com.mojang.realmsclient.client.RealmsClient.fetchFeatureFlags(RealmsClient.java:186)
	at java.base/java.util.concurrent.CompletableFuture$AsyncSupply.run(CompletableFuture.java:1789)
	at java.base/java.util.concurrent.ThreadPoolExecutor.runWorker(ThreadPoolExecutor.java:1090)
	at java.base/java.util.concurrent.ThreadPoolExecutor$Worker.run(ThreadPoolExecutor.java:614)
	at java.base/java.lang.Thread.run(Thread.java:1474)
[17:34:20] [Worker-Main-3/INFO]: Found unifont_all_no_pua-17.0.01.hex, loading
[17:34:20] [Worker-Main-7/INFO]: Found unifont_pua-17.0.01.hex, loading
[17:34:21] [Worker-Main-6/INFO]: Found unifont_jp_patch-17.0.01.hex, loading
[17:34:23] [Render thread/INFO]: OpenAL initialized on device Built-in Audio Analog Stereo
[17:34:23] [Render thread/INFO]: Sound engine started
[17:34:23] [Render thread/INFO]: Created: 512x256x0 minecraft:textures/atlas/particles.png-atlas
[17:34:23] [Render thread/INFO]: Created: 128x128x0 minecraft:textures/atlas/decorated_pot.png-atlas
[17:34:23] [Render thread/INFO]: Created: 2048x1024x0 minecraft:textures/atlas/armor_trims.png-atlas
[17:34:23] [Render thread/INFO]: Created: 512x256x0 minecraft:textures/atlas/paintings.png-atlas
[17:34:23] [Render thread/INFO]: Created: 1024x512x0 minecraft:textures/atlas/shield_patterns.png-atlas
[17:34:23] [Render thread/INFO]: Created: 1024x512x0 minecraft:textures/atlas/blocks.png-atlas
[17:34:23] [Render thread/INFO]: Created: 512x512x0 minecraft:textures/atlas/chest.png-atlas
[17:34:23] [Render thread/INFO]: Created: 256x128x0 minecraft:textures/atlas/celestials.png-atlas
[17:34:23] [Render thread/INFO]: Created: 1024x512x0 minecraft:textures/atlas/banner_patterns.png-atlas
[17:34:23] [Render thread/INFO]: Created: 512x512x0 minecraft:textures/atlas/beds.png-atlas
[17:34:23] [Render thread/INFO]: Created: 1024x512x0 minecraft:textures/atlas/items.png-atlas
[17:34:23] [Render thread/INFO]: Created: 1024x1024x0 minecraft:textures/atlas/gui.png-atlas
[17:34:23] [Render thread/INFO]: Created: 128x64x0 minecraft:textures/atlas/map_decorations.png-atlas
[17:34:24] [Render thread/INFO]: Created: 512x256x0 minecraft:textures/atlas/signs.png-atlas
[17:34:24] [Render thread/INFO]: Created: 512x512x0 minecraft:textures/atlas/shulker_boxes.png-atlas
[17:34:24] [IO-Worker-1/INFO]: Could not authorize you against Realms server: java.lang.RuntimeException: Failed to parse into SignedJWT: eee3c98fb0c1480fafef2ee03ae2a9b8
[17:34:24] [IO-Worker-1/ERROR]: Couldn't connect to realms
com.mojang.realmsclient.exception.RealmsServiceException: Realms authentication error with message 'java.lang.RuntimeException: Failed to parse into SignedJWT: eee3c98fb0c1480fafef2ee03ae2a9b8'
	at com.mojang.realmsclient.client.RealmsClient.execute(RealmsClient.java:526)
	at com.mojang.realmsclient.client.RealmsClient.clientCompatible(RealmsClient.java:307)
	at com.mojang.realmsclient.RealmsAvailability.lambda$check$0(RealmsAvailability.java:48)
	at java.base/java.util.concurrent.CompletableFuture$AsyncSupply.run(CompletableFuture.java:1789)
	at java.base/java.util.concurrent.ThreadPoolExecutor.runWorker(ThreadPoolExecutor.java:1090)
	at java.base/java.util.concurrent.ThreadPoolExecutor$Worker.run(ThreadPoolExecutor.java:614)
	at java.base/java.lang.Thread.run(Thread.java:1474)
[17:34:26] [Render thread/ERROR]: ########## GL ERROR ##########
[17:34:26] [Render thread/ERROR]: @ Render
[17:34:26] [Render thread/ERROR]: 65547: X11: Standard cursor shape unavailable
[17:34:30] [Render thread/INFO]: Connecting to sl.extremecraft.net, 25565
[17:34:34] [Render thread/INFO]: [System] [CHAT]                         Welcome                        
[17:34:34] [Render thread/INFO]: [System] [CHAT] 
[17:34:34] [Render thread/INFO]: [System] [CHAT]    Welcome to ExtremeCraft.net
[17:34:34] [Render thread/INFO]: [System] [CHAT] 
[17:34:34] [Render thread/INFO]: [System] [CHAT]    Website: https://www.extremecraft.net/
[17:34:34] [Render thread/INFO]: [System] [CHAT]    Discord: https://discord.gg/bhZKakC
[17:34:34] [Render thread/INFO]: [System] [CHAT]    Buy Coins: https://www.extremecraft.net/store/
[17:34:34] [Render thread/INFO]: [System] [CHAT] 
[17:34:34] [Render thread/INFO]: [System] [CHAT]                                                             
[17:34:34] [Render thread/INFO]: [System] [CHAT] Please login with /login password
[17:34:35] [Render thread/INFO]: [System] [CHAT] Please login with /login password
[17:34:35] [Render thread/INFO]: Resizing Dynamic Transforms UBO, capacity limit of 2 reached during a single frame. New capacity will be 4.
[17:34:35] [Render thread/INFO]: Resizing Dynamic Transforms UBO, capacity limit of 4 reached during a single frame. New capacity will be 8.
[17:34:37] [Render thread/INFO]: Resizing Chunk Sections UBO, capacity limit of 2 reached during a single frame. New capacity will be 8.
[17:34:37] [Render thread/INFO]: Resizing Dynamic Transforms UBO, capacity limit of 8 reached during a single frame. New capacity will be 16.
[17:34:37] [Render thread/INFO]: Resizing Chunk Sections UBO, capacity limit of 8 reached during a single frame. New capacity will be 16.
[17:34:37] [Render thread/INFO]: Resizing Chunk Sections UBO, capacity limit of 16 reached during a single frame. New capacity will be 32.
[17:34:38] [Render thread/INFO]: Resizing Chunk Sections UBO, capacity limit of 32 reached during a single frame. New capacity will be 64.
[17:34:38] [Render thread/INFO]: Resizing Chunk Sections UBO, capacity limit of 64 reached during a single frame. New capacity will be 128.
[17:34:39] [Render thread/INFO]: Resizing Chunk Sections UBO, capacity limit of 128 reached during a single frame. New capacity will be 256.
[17:34:40] [Render thread/INFO]: [System] [CHAT] Please login with /login password
[17:34:45] [Render thread/INFO]: [System] [CHAT] Please login with /login password
[17:34:46] [Render thread/INFO]: [System] [CHAT] Login successful!
[17:34:50] [Render thread/INFO]: [System] [CHAT] Gio67 left the game
[17:34:55] [Render thread/INFO]: [System] [CHAT] Gordon_Wong3108 left the game
[17:34:58] [Render thread/INFO]: [System] [CHAT] IamVenom_ left the game
[17:35:00] [Render thread/INFO]: [System] [CHAT] jsBoss joined the game
[17:35:00] [Render thread/INFO]: [System] [CHAT] Warping to jail.
[17:35:00] [Render thread/INFO]: [System] [CHAT] Teleportation will commence in 3 seconds, don't move.
[17:35:01] [Render thread/INFO]: [System] [CHAT] adelfv joined the game
[17:35:01] [Render thread/INFO]: [System] [CHAT] 27Juli2017 left the game
[17:35:03] [Render thread/INFO]: [System] [CHAT] Teleporting...
[17:35:05] [Render thread/INFO]: [System] [CHAT] vriix left the game
[17:35:08] [Render thread/INFO]: [System] [CHAT] adelfv left the game
[17:35:10] [Render thread/INFO]: [System] [CHAT] SanderenFlip12 joined the game
[17:35:12] [Render thread/INFO]: [System] [CHAT] SanderenFlip12 left the game
[17:35:12] [Render thread/INFO]: [System] [CHAT] barkin35 joined the game
[17:35:15] [Render thread/INFO]: [System] [CHAT] barkin35 left the game
[17:35:17] [Render thread/INFO]: [System] [CHAT] Teleportation will commence in 3 seconds, don't move.
[17:35:20] [Render thread/INFO]: [System] [CHAT] Teleporting...
[17:35:23] [Render thread/INFO]: [System] [CHAT] GOprohoGO joined the game
[17:35:24] [Render thread/INFO]: [System] [CHAT] Lo2i left the game
[17:35:24] [Render thread/INFO]: [System] [CHAT] jsBoss left the game
[17:35:36] [Render thread/INFO]: [System] [CHAT] GOprohoGO left the game
[17:35:36] [Render thread/INFO]: [System] [CHAT] Crazy_Musa joined the game
[17:35:45] [Render thread/INFO]: [System] [CHAT] blacksnail1222 joined the game
[17:35:51] [Render thread/INFO]: [System] [CHAT] Uzbek_Amirxon8 left the game
[17:35:51] [Render thread/INFO]: [System] [CHAT] 1start joined the game
[17:35:52] [Render thread/INFO]: [System] [CHAT] Crazy_Musa left the game
[17:35:53] [Render thread/INFO]: [System] [CHAT]    
[17:35:53] [Render thread/INFO]: [System] [CHAT] ExtremeCraft.Net Rules:
[17:35:53] [Render thread/INFO]: [System] [CHAT] https://www.extremecraft.net/page/rules/
[17:35:53] [Render thread/INFO]: [System] [CHAT]    
[17:35:54] [Render thread/INFO]: [System] [CHAT] 1start left the game
[17:35:54] [Render thread/INFO]: [System] [CHAT] blacksnail1222 left the game
[17:35:56] [Render thread/INFO]: [System] [CHAT] TractorsRullz joined the game
[17:36:00] [Render thread/INFO]: [System] [CHAT] TractorsRullz left the game
[17:36:02] [Render thread/INFO]: [System] [CHAT] RYZR left the game
[17:36:04] [Render thread/INFO]: [System] [CHAT] Migraine27 left the game
[17:36:09] [Render thread/INFO]: [System] [CHAT] Connecting to neosurvival...
[17:36:10] [Render thread/INFO]: [System] [CHAT] NezarFB joined the game
[17:36:12] [Render thread/INFO]: [System] [CHAT] [Outposts] » Outposts ready to be looted: /outposts
[17:36:25] [Render thread/INFO]: [System] [CHAT] [Member] Usageur9 » i have firerecistance
[17:36:27] [Render thread/INFO]: [System] [CHAT] [Member] DaddyDachy » Son_WukongXD_
[17:36:32] [Render thread/INFO]: [System] [CHAT] BigA_ron left the game
[17:36:32] [Render thread/INFO]: [System] [CHAT] [Member] Usageur9 » come down and pvp me
[17:36:33] [Render thread/INFO]: [System] [CHAT] [Member] Zah1l » wait here
[17:36:34] [Render thread/INFO]: [System] [CHAT] B_1_ joined the game
[17:36:40] [Render thread/INFO]: [System] [CHAT] [✦][Member] B_1_ » who got p5 sets
[17:36:50] [Render thread/INFO]: [System] [CHAT] [Member] Zah1l » if u give me 9 stacks of arrows i will come down
[17:36:57] [Render thread/INFO]: [System] [CHAT] NoxKrim left the game
[17:36:59] [Render thread/INFO]: [System] [CHAT] weibou joined the game
[17:37:01] [Render thread/INFO]: [System] [CHAT] [2x Cow Spawn Egg] listed on AH for $50,000.00
[17:37:13] [Render thread/INFO]: [System] [CHAT] [✦][Supporter] opgamer » not here you can run
[17:37:15] [Render thread/INFO]: Resizing Chunk Sections UBO, capacity limit of 256 reached during a single frame. New capacity will be 512.
[17:37:15] [Render thread/INFO]: [System] [CHAT] [Supporter] Son_WukongXD_ » cmon you scared opgamer
[17:37:23] [Render thread/INFO]: Resizing Dynamic Transforms UBO, capacity limit of 16 reached during a single frame. New capacity will be 32.
[17:37:24] [Render thread/INFO]: [System] [CHAT] ATomX joined the game
[17:37:26] [Render thread/INFO]: [System] [CHAT] [Supporter] Son_WukongXD_ » this is pvp arena seperate claim
[17:37:30] [Render thread/INFO]: [System] [CHAT] [Supporter] Son_WukongXD_ » come inside
[17:37:32] [Render thread/INFO]: [System] [CHAT] [Citizen] hamdyaahbl » pls
[17:37:33] [Render thread/INFO]: [System] [CHAT] [✦][Member] B_1_ » MiningLife123 u got 2mil shards and still mining
[17:37:35] [Render thread/INFO]: [System] [CHAT] Defuser joined the game
[17:37:38] [Render thread/INFO]: [System] [CHAT] [✦][Member] B_1_ » crazy
[17:37:40] [Render thread/INFO]: [System] [CHAT] [Member] ForestZ » opgamer do u want a custom banner
[17:37:45] [Render thread/INFO]: [System] [CHAT] [Citizen] hamdyaahbl » ok :(
[17:37:46] [Render thread/INFO]: [System] [CHAT] [★✦][Citizen] Xolegb » B_1_ see his nam
[17:37:49] [Render thread/INFO]: [System] [CHAT] [Member] Usageur9 » Zah1l u sound poor check /shop its cheap
[17:37:53] [Render thread/INFO]: [System] [CHAT] [★✦][Citizen] Xolegb » MiningLife123
[17:37:53] [Render thread/INFO]: [System] [CHAT] [✦][Member] B_1_ » ik xd
[17:37:56] [Render thread/INFO]: [System] [CHAT] [★✦][Citizen] Xolegb » mining
[17:38:05] [Render thread/INFO]: [System] [CHAT]                         MathGame                        
[17:38:05] [Render thread/INFO]: [System] [CHAT]  » A new ChatGame started!
[17:38:05] [Render thread/INFO]: [System] [CHAT]  » What's３８６ ＋６０?
[17:38:05] [Render thread/INFO]: [System] [CHAT]  » Answer in chat!
[17:38:05] [Render thread/INFO]: [System] [CHAT]                                                             
[17:38:08] [Render thread/INFO]: [System] [CHAT] [☆✦][Unstoppable] MiningLife123 » Xolegb hlo
[17:38:09] [Render thread/INFO]: [System] [CHAT] [Member] TheOGJon » oh great leader vyom may i please have some trims
[17:38:09] [Render thread/INFO]: [System] [CHAT] BigA_ron joined the game
[17:38:13] [Render thread/INFO]: [System] [CHAT] [★✦][Citizen] Xolegb » MiningLife123 hai
[17:38:16] [Render thread/INFO]: [System] [CHAT] Ticket_Boss_CZ joined the game
[17:38:17] [Render thread/INFO]: [System] [CHAT] [Member] vyom » TheOGJon sure
[17:38:25] [Render thread/INFO]: [System] [CHAT] [Member] vyom » TheOGJon all red
[17:38:29] [Render thread/INFO]: [System] [CHAT] [ChatGames] » zyadplays61 answered correctly in 23.949 seconds!
[17:38:29] [Render thread/INFO]: [System] [CHAT] [ChatGames] » The answer was 446
[17:38:29] [Render thread/INFO]: [System] [CHAT] [ChatGames] » Check out leaderboards with /chatgames top
[17:38:31] [Render thread/INFO]: [System] [CHAT] [Citizen] hamdyaahbl » who have phantom farm plss tell me his warp
[17:38:32] [Render thread/INFO]: [System] [CHAT] [Member] Zah1l » Usageur9 u sound dumb its not for sale to buy its to sell noobie
[17:38:41] [Render thread/INFO]: [System] [CHAT] [Supporter] zyadplays61 » that was a guess.
[17:38:43] [Render thread/INFO]: [System] [CHAT] [Citizen] hamdyaahbl » Usageur9 can i get pickaxe ?
[17:38:48] [Render thread/INFO]: [System] [CHAT] [Member] Usageur9 » they removed it son Zah1l
[17:38:51] [Render thread/INFO]: [System] [CHAT] UnLuckyKannaya left the game
[17:38:55] [Render thread/INFO]: [System] [CHAT] [Member] ForestZ » vyom do u want a custom banner
[17:38:58] [Render thread/INFO]: [System] [CHAT] _Xempo_ joined the game
[17:39:00] [Render thread/INFO]: [System] [CHAT] UnLuckyKannaya joined the game
[17:39:05] [Render thread/INFO]: [System] [CHAT] _Xempo_ left the game
[17:39:05] [Render thread/INFO]: [System] [CHAT] 
[17:39:05] [Render thread/INFO]: [System] [CHAT]  || Vote for us and get Vote Keys every day!
[17:39:05] [Render thread/INFO]: [System] [CHAT]  || Go to: https://www.extremecraft.net/vote/ *click*
[17:39:05] [Render thread/INFO]: [System] [CHAT] 
[17:39:06] [Render thread/INFO]: [System] [CHAT] [Member] vyom » ForestZ hell ye
[17:39:06] [Render thread/INFO]: [System] [CHAT]             Player Ad by LordZetana            
[17:39:06] [Render thread/INFO]: [System] [CHAT]  » Hiring Builders /mail send LordZetana or /mail send veonicks if ur interested
[17:39:06] [Render thread/INFO]: [System] [CHAT]                                                             
[17:39:10] [Render thread/INFO]: [System] [CHAT] * flipflop04 is now AFK.
[17:39:12] [Render thread/INFO]: [System] [CHAT] Son_WukongXD_ was smashed by opgamer with [Ember Mace]
[17:39:16] [Render thread/INFO]: [System] [CHAT] [Member] vyom » ForestZ yes
[17:39:17] [Render thread/INFO]: [System] [CHAT] Revive joined the game
[17:39:19] [Render thread/INFO]: [System] [CHAT] [Member] Usageur9 » wait
[17:39:22] [Render thread/INFO]: [System] [CHAT] Son_WukongXD_ left the game
[17:39:22] [Render thread/INFO]: [System] [CHAT] hamdyaahbl was slain by Usageur9 using [[Phantom] Sword]
[17:39:23] [Render thread/INFO]: [System] [CHAT] [Member] ForestZ » vyom it costs 10k BUT u can tell me what to make
[17:39:23] [Render thread/INFO]: [System] [CHAT] [✦][Supporter] opgamer » ?
[17:39:24] [Render thread/INFO]: [System] [CHAT] DingleBees left the game
[17:39:28] [Render thread/INFO]: [System] [CHAT] VoidViper joined the game
[17:39:28] [Render thread/INFO]: [System] [CHAT] [Citizen] hamdyaahbl » i did i dint got
[17:39:29] [Render thread/INFO]: [System] [CHAT] [✦][Supporter] opgamer » ez kid
[17:39:32] [Render thread/INFO]: [System] [CHAT] DingleBees joined the game
[17:39:43] [Render thread/INFO]: [System] [CHAT] [Member] vyom » ForestZ i am a leader of an army so somthing that looks like a king
[17:39:50] [Render thread/INFO]: [System] [CHAT] [Citizen] hamdyaahbl » give me pickaxe pro
[17:39:54] [Render thread/INFO]: [System] [CHAT] SyvoraX joined the game
[17:39:57] [Render thread/INFO]: [System] [CHAT] Trickstersl joined the game
[17:39:58] [Render thread/INFO]: [System] [CHAT] [Member] ForestZ » vyom do u want a crown?
[17:40:04] [Render thread/INFO]: [System] [CHAT] gun_done left the game
[17:40:05] [Render thread/INFO]: [System] [CHAT] [Member] vyom » ForestZ ye gold
[17:40:10] [Render thread/INFO]: [System] [CHAT] SyvoraX left the game
[17:40:13] [Render thread/INFO]: [System] [CHAT] [Member] ForestZ » alr black background?
[17:40:21] [Render thread/INFO]: [System] [CHAT] TractorsRullz left the game
[17:40:22] [Render thread/INFO]: [System] [CHAT] [Citizen] hamdyaahbl » amyone can give me pickaxe pls
[17:40:28] [Render thread/INFO]: [System] [CHAT] [Member] VoidViper » me
[17:40:29] [Render thread/INFO]: [System] [CHAT] [Member] Zah1l » hamdyaahbl i can
[17:40:33] [Render thread/INFO]: [System] [CHAT] You've been resurrected by Totem. It has a 30-second cooldown before it can be used again.
[17:40:38] [Render thread/INFO]: [System] [CHAT] [Member] Usageur9 » Zah1l pvp me dude im at ur house
[17:40:47] [Render thread/INFO]: [System] [CHAT] [Shop] » You just bought 1x Totem Of Undying for 200.00 Shards.
[17:40:49] [Render thread/INFO]: [System] [CHAT] [Citizen] hamdyaahbl » Zah1l i dont need from you :( bec you killed me
[17:40:51] [Render thread/INFO]: [System] [CHAT] [Member] Usageur9 » Zah1l u tp trapper scared?
[17:40:53] [Render thread/INFO]: [System] [CHAT] [Citizen] hamdyaahbl » VoidViper ok tp me
[17:40:56] [Render thread/INFO]: [System] [CHAT] [[Vote Key]] listed on AH for $200,000.00
[17:40:56] [Render thread/INFO]: [System] [CHAT] [Achievements] » You completed Break Blocks I (End Stone)!
[17:40:56] [Render thread/INFO]: [System] [CHAT] [Achievements] » You received 3 Tokens & 2 BattlePass XP
[17:41:01] [Render thread/INFO]: [System] [CHAT] [Member] Zah1l » alr wait
[17:41:07] [Render thread/INFO]: [System] [CHAT] [Citizen] hamdyaahbl » wait w tf
[17:41:08] [Render thread/INFO]: [System] [CHAT] [[Vote Key]] listed on AH for $200,000.00
[17:41:10] [Render thread/INFO]: [System] [CHAT] Ticket_Boss_CZ left the game
[17:41:15] [Render thread/INFO]: [System] [CHAT] [[Vote Key]] listed on AH for $250,000.00
[17:41:17] [Render thread/INFO]: [System] [CHAT] [Member] Usageur9 » come down Zah1l
[17:41:18] [Render thread/INFO]: [System] [CHAT] [Achievements] » You completed Break Blocks II (End Stone)!
[17:41:18] [Render thread/INFO]: [System] [CHAT] [Achievements] » You received 6 Tokens & 8 BattlePass XP
[17:41:28] [Render thread/INFO]: [System] [CHAT] dragisha left the game
[17:41:36] [Render thread/INFO]: [System] [CHAT] [Citizen] hamdyaahbl » thank you
[17:41:40] [Render thread/INFO]: [System] [CHAT] [Member] VoidViper » np
[17:41:41] [Render thread/INFO]: [System] [CHAT] [Achievements] » You completed Break Blocks III (End Stone)!
[17:41:41] [Render thread/INFO]: [System] [CHAT] [Achievements] » You received 9 Tokens & 8 BattlePass XP
[17:41:45] [Render thread/INFO]: [System] [CHAT] [Citizen] hamdyaahbl » do youy have some money or even armor
[17:41:46] [Render thread/INFO]: [System] [CHAT] [[Vote Key]] listed on AH for $200,000.00
[17:41:53] [Render thread/INFO]: [System] [CHAT] [[Vote Key]] listed on AH for $200,000.00
[17:41:56] [Render thread/INFO]: [System] [CHAT] [[Vote Key]] listed on AH for $200,000.00
[17:41:59] [Render thread/INFO]: [System] [CHAT] [[Vote Key]] listed on AH for $200,000.00
[17:42:03] [Render thread/INFO]: [System] [CHAT] [Member] Usageur9 » Zah1l pvp mee
[17:42:17] [Render thread/INFO]: [System] [CHAT] [Citizen] hamdyaahbl » zah1l killed me when i have 5
[17:42:26] [Render thread/INFO]: [System] [CHAT] [✦][Supporter] opgamer » who wanna pvp come events
[17:42:27] [Render thread/INFO]: [System] [CHAT] [✦][Member] B_1_ » MiningLife123 can im mine with yall?
[17:42:39] [Render thread/INFO]: [System] [CHAT] [Citizen] hamdyaahbl » so do you have some money or armor?
[17:42:40] [Render thread/INFO]: [System] [CHAT] [☆✦][Unstoppable] MiningLife123 » B_1_ idk ask UnLuckyKannaya
[17:42:54] [Render thread/INFO]: [System] [CHAT] [✦][Member] B_1_ » UnLuckyKannaya can i mine w yall?
[17:42:57] [Render thread/INFO]: [System] [CHAT]  * UnLuckyKannaya no ;
[17:42:57] [Render thread/INFO]: [System] [CHAT] [Member] TheOGJon » lol
[17:43:01] [Render thread/INFO]: [System] [CHAT] [Voter] Revive » uys if u want some thing but dont wanna work contact me ill give what u want for a votekey and some money
[17:43:07] [Render thread/INFO]: [System] [CHAT] [✦][Member] B_1_ » :(
[17:43:15] [Render thread/INFO]: [System] [CHAT] Game over, Krxtk joined the game.
[17:43:29] [Render thread/INFO]: [System] [CHAT] [Member] ForestZ » vyom its done
[17:43:31] [Render thread/INFO]: [System] [CHAT] Goodbye Krxtk...
[17:43:33] [Render thread/INFO]: [System] [CHAT] [Member] Usageur9 » get ur gear and pvp me
[17:43:34] [Render thread/INFO]: [System] [CHAT] [Member] vyom » ForestZok
[17:43:38] [Render thread/INFO]: [System] [CHAT] Wraithmark joined the game
[17:43:41] [Render thread/INFO]: [System] [CHAT] [Member] ForestZ » how many do u want?
[17:43:41] [Render thread/INFO]: [System] [CHAT] nyxieee joined the game
[17:43:50] [Render thread/INFO]: [System] [CHAT] Gayam joined the game
[17:43:57] [Render thread/INFO]: [System] [CHAT] [Member] Zah1l » not here
[17:44:03] [Render thread/INFO]: [System] [CHAT] lights_out joined the game
[17:44:05] [Render thread/INFO]: [System] [CHAT] [Member] Zah1l » tp to me
[17:44:06] [Render thread/INFO]: [System] [CHAT]              Player Ad by BMXGAMER             
[17:44:06] [Render thread/INFO]: [System] [CHAT]  » selling 13bh boots,6bh leggings, 5 bh chestplates,10bh swords,5bh maces,7bh axes and 20p5 sets for coins /mail BMXGAMER for offer
[17:44:06] [Render thread/INFO]: [System] [CHAT]                                                             
[17:44:17] [Render thread/INFO]: [System] [CHAT] [Member] ForestZ » vyom come to spawn
[17:44:27] [Render thread/INFO]: [System] [CHAT] DaddyDachy fell from a high place
[17:44:33] [Render thread/INFO]: [System] [CHAT] [Member] ForestZ » how many do u want?
[17:44:42] [Render thread/INFO]: [System] [CHAT] [★✦][Citizen] Xolegb » Wraithmark yoo
[17:44:49] [Render thread/INFO]: [System] [CHAT] [❤][✦][MVP] Wraithmark » Xolegb yoo
[17:44:52] [Render thread/INFO]: [System] [CHAT] nyxieee left the game
[17:44:54] [Render thread/INFO]: [System] [CHAT] Xolegb left the game
[17:44:55] [Render thread/INFO]: [System] [CHAT] VoidViper left the game
[17:44:59] [Render thread/INFO]: [System] [CHAT] [Member] ForestZ » do u like it?
[17:45:06] [Render thread/INFO]: [System] [CHAT] Dumbeeb joined the game
[17:45:06] [Render thread/INFO]: [System] [CHAT] VoidViper joined the game
[17:45:07] [Render thread/INFO]: [System] [CHAT] sanguuee joined the game
[17:45:15] [Render thread/INFO]: [System] [CHAT] [Member] ForestZ » do u wanna tip me or uh
[17:45:22] [Render thread/INFO]: [System] [CHAT] Gayam left the game
[17:45:28] [Render thread/INFO]: [System] [CHAT] Xolegb joined the game
[17:45:31] [Render thread/INFO]: [System] [CHAT] [Member] TheOGJon » vyom do u have pearls
[17:45:39] [Render thread/INFO]: [System] [CHAT] VoidViper left the game
[17:45:39] [Render thread/INFO]: [System] [CHAT] VoidViper burned to death
[17:45:41] [Render thread/INFO]: [System] [CHAT] [Member] Zah1l » scared
[17:45:46] [Render thread/INFO]: [System] [CHAT] BloxminE_YT joined the game
[17:45:47] [Render thread/INFO]: [System] [CHAT] VoidViper joined the game
[17:45:48] [Render thread/INFO]: [System] [CHAT] [Member] ForestZ » who wants theire own custom banner
[17:45:57] [Render thread/INFO]: [System] [CHAT] [Member] Usageur9 » Zah1l tp trap?
[17:45:57] [Render thread/INFO]: [System] [CHAT] [Member] Zah1l » ForestZ me
[17:45:58] [Render thread/INFO]: [System] [CHAT] Wraithmark left the game
[17:46:02] [Render thread/INFO]: [System] [CHAT] [Member] Zah1l » Usageur9 nope
[17:46:06] [Render thread/INFO]: [System] [CHAT] B_1_ left the game
[17:46:08] [Render thread/INFO]: [System] [CHAT] [Member] Zah1l » Usageur9 js come scared
[17:46:08] [Render thread/INFO]: [System] [CHAT] [Citizen] hamdyaahbl » Zah1l pro will you give me pickaxe
[17:46:10] [Render thread/INFO]: [System] [CHAT] gun_done joined the game
[17:46:14] [Render thread/INFO]: [System] [CHAT] [Member] Usageur9 » ofc nope
[17:46:24] [Render thread/INFO]: [System] [CHAT] [Member] ForestZ » Zah1l itll cost 10k and ur the one who has to tell me what to put on it
[17:46:33] [Render thread/INFO]: [System] [CHAT] [Member] Usageur9 » Zah1l i alr seen u ur a coward just tp trap scared to pvp me
[17:46:43] [Render thread/INFO]: [System] [CHAT] zyadplays61 left the game
[17:46:50] [Render thread/INFO]: [System] [CHAT] [Member] Zah1l » Usageur9 scared to come to me
[17:46:53] [Render thread/INFO]: [System] [CHAT] [Achievements] » You completed Travelling III (Sneaking)!
[17:46:53] [Render thread/INFO]: [System] [CHAT] [Achievements] » You received 9 Tokens & 9 BattlePass XP
[17:46:57] [Render thread/INFO]: [System] [CHAT] D4rw1sy joined the game
[17:46:58] [Render thread/INFO]: [System] [CHAT] [Member] VoidViper » can i have gear
[17:47:02] [Render thread/INFO]: [System] [CHAT] [Member] ForestZ » Zah1l so what do u want on the banner
[17:47:05] [Render thread/INFO]: [System] [CHAT] [Member] Usageur9 » ofc im scared from a coward
[17:47:05] [Render thread/INFO]: [System] [CHAT] 
[17:47:05] [Render thread/INFO]: [System] [CHAT]  || Vote for us and get Vote Keys every day!
[17:47:05] [Render thread/INFO]: [System] [CHAT]  || Go to: https://www.extremecraft.net/vote/ *click*
[17:47:05] [Render thread/INFO]: [System] [CHAT] 
[17:47:06] [Render thread/INFO]: [System] [CHAT] [Member] vyom » VoidViper no
[17:47:06] [Render thread/INFO]: [System] [CHAT] [Member] DaddyDachy » Nikki
[17:47:07] [Render thread/INFO]: [System] [CHAT] TractorsRullz joined the game
[17:47:09] [Render thread/INFO]: [System] [CHAT] [Member] Usageur9 » tp trapper
[17:47:09] [Render thread/INFO]: [System] [CHAT] [Citizen] hamdyaahbl » Zah1l send me again
[17:47:15] [Render thread/INFO]: [System] [CHAT] Xolegb left the game
[17:47:23] [Render thread/INFO]: [System] [CHAT] [Member] Usageur9 » if ur a trapper it will be better
[17:47:29] [Render thread/INFO]: [System] [CHAT] [Debug]: Hitboxes: shown
[17:47:33] [Render thread/INFO]: [System] [CHAT] [Member] vyom » voidviper go or my army will make u
[17:47:38] [Render thread/INFO]: [System] [CHAT] [Member] Zah1l » tp to me again
[17:47:52] [Render thread/INFO]: [System] [CHAT] [Member] ForestZ » Zah1l btw zahh if u wanna be a trapper use traps that ppl are gonna fall for
[17:47:55] [Render thread/INFO]: [System] [CHAT] Gayam joined the game
[17:47:56] [Render thread/INFO]: [System] [CHAT] [✦][Supporter] opgamer » if a trap -_-
[17:47:56] [Render thread/INFO]: [System] [CHAT] [Member] Usageur9 » wait who has the dragon egg in this server
[17:48:01] [Render thread/INFO]: [System] [CHAT] [❤][Voter] Dumbeeb » But dura 3 rockets for 320! /pwarp v Raise
[17:48:09] [Render thread/INFO]: [System] [CHAT] [Member] TheOGJon » vyom lets put him in jail
[17:48:14] [Render thread/INFO]: [System] [CHAT] D4rw1sy left the game
[17:48:16] [Render thread/INFO]: [System] [CHAT] [Member] ForestZ » anyways what do u want on ur banner
[17:48:24] [Render thread/INFO]: [System] [CHAT] [Member] vyom » TheOGJon ill consider it
[17:48:25] [Render thread/INFO]: [System] [CHAT] [Member] ForestZ » Zah1l what do u want on ur banner
[17:48:26] [Render thread/INFO]: [System] [CHAT] [Member] Zah1l » ForestZ ye
[17:48:32] [Render thread/INFO]: [System] [CHAT] BloxminE_YT left the game
[17:48:34] [Render thread/INFO]: [System] [CHAT] [Member] Zah1l » TheOGJon katana
[17:48:38] [Render thread/INFO]: [System] [CHAT] [Citizen] hamdyaahbl » Zah1l i send quest
[17:48:44] [Render thread/INFO]: [System] [CHAT] [Citizen] hamdyaahbl » Zah1l accept
[17:48:49] [Render thread/INFO]: [System] [CHAT] hamdyaahbl was slain by Zah1l using [[NexusKit] Sword]
[17:48:50] [Render thread/INFO]: [System] [CHAT] DARK_SHADOWX joined the game
[17:48:52] [Render thread/INFO]: [System] [CHAT] Skleenex joined the game
[17:48:55] [Render thread/INFO]: [System] [CHAT] [Member] Usageur9 » i knew it Zah1l
[17:48:55] [Render thread/INFO]: [System] [CHAT] [Citizen] hamdyaahbl » pro f uk
[17:48:57] [Render thread/INFO]: [System] [CHAT] [Member] Usageur9 » tp trap
[17:48:58] [Render thread/INFO]: [System] [CHAT] [Citizen] hamdyaahbl » pronk
[17:49:00] [Render thread/INFO]: [System] [CHAT] TractorsRullz left the game
[17:49:01] [Render thread/INFO]: [System] [CHAT] Gayam left the game
[17:49:03] [Render thread/INFO]: [System] [CHAT] [Member] Usageur9 » coward
[17:49:05] [Render thread/INFO]: [System] [CHAT]  » News, support and more: http://www.extremecraft.net/
[17:49:06] [Render thread/INFO]: [System] [CHAT] Xolegb joined the game
[17:49:06] [Render thread/INFO]: [System] [CHAT]             Player Ad by thedamiond            
[17:49:06] [Render thread/INFO]: [System] [CHAT]  » Lf bh chestplate buying for 7.5m-8m
[17:49:06] [Render thread/INFO]: [System] [CHAT]                                                             
[17:49:07] [Render thread/INFO]: [System] [CHAT] [Citizen] hamdyaahbl » heheyou
[17:49:07] [Render thread/INFO]: [System] [CHAT] [Member] ForestZ » Zah1l bro making a katana is impossible i can make a sword but not a katana
[17:49:10] [Render thread/INFO]: [System] [CHAT] [Citizen] hamdyaahbl » g uk
[17:49:13] [Render thread/INFO]: [System] [CHAT] [Citizen] hamdyaahbl » f uk
[17:49:16] [Render thread/INFO]: [System] [CHAT] [Member] Zah1l » ForestZ k
[17:49:19] [Render thread/INFO]: [System] [CHAT] DaddyDachy left the game
[17:49:19] [Render thread/INFO]: [System] [CHAT] [Citizen] hamdyaahbl » fu k you
[17:49:26] [Render thread/INFO]: [System] [CHAT] DaddyDachy joined the game
[17:49:26] [Render thread/INFO]: [System] [CHAT] [Citizen] hamdyaahbl » stupid kid t
[17:49:28] [Render thread/INFO]: [System] [CHAT] Teleportation will commence in 3 seconds, don't move.
[17:49:31] [Render thread/INFO]: [System] [CHAT] Teleporting...
[17:49:39] [Render thread/INFO]: [System] [CHAT] Acrobatics increased to 4.
[17:49:40] [Render thread/INFO]: [System] [CHAT] [Member] ForestZ » Zah1l since i cant make what u asked for u got a 25% discount
[17:49:44] [Render thread/INFO]: [System] [CHAT] [Member] VoidViper » gimme kit
[17:49:47] [Render thread/INFO]: [System] [CHAT] [Member] makeit234 » how fast do claim blocks generate?
[17:49:56] [Render thread/INFO]: [System] [CHAT]                          Lottery                         
[17:49:56] [Render thread/INFO]: [System] [CHAT]  » Enter the lottery by purchasing tickets with /lottery
[17:49:56] [Render thread/INFO]: [System] [CHAT]                                                             
[17:50:00] [Render thread/INFO]: [System] [CHAT] [Citizen] hamdyaahbl » Zah1l stupid f uking kid
[17:50:04] [Render thread/INFO]: [System] [CHAT] [Member] Usageur9 » see imma get trapped
[17:50:06] [Render thread/INFO]: [System] [CHAT] [Member] vyom » heogjon put him in jail now
[17:50:07] [Render thread/INFO]: Resizing Dynamic Transforms UBO, capacity limit of 32 reached during a single frame. New capacity will be 64.
[17:50:09] [Render thread/INFO]: [System] [CHAT] [Citizen] hamdyaahbl » Zah1l i cap you every night
[17:50:14] [Render thread/INFO]: [System] [CHAT] [Member] Usageur9 » i see
[17:50:14] [Render thread/INFO]: [System] [CHAT] [Citizen] hamdyaahbl » Zah1l stupid
[17:50:17] [Render thread/INFO]: [System] [CHAT] [Citizen] hamdyaahbl » f uker
[17:50:41] [Render thread/INFO]: [System] [CHAT] VoidViper was slain by TheOGJon using [[NexusKit] Sword]
[17:51:00] [Render thread/INFO]: [System] [CHAT] [Member] VoidViper » i just need a kit
[17:51:00] [Render thread/INFO]: [System] [CHAT] hamdyaahbl left the game
[17:51:01] [Render thread/INFO]: [System] [CHAT] GoDHOPExd joined the game
[17:51:08] [Render thread/INFO]: [System] [CHAT] [Member] vyom » voidviper
[17:51:09] [Render thread/INFO]: [System] [CHAT] [Member] Usageur9 » loll
[17:51:14] [Render thread/INFO]: [System] [CHAT] [Member] Usageur9 » Zah1l come out
[17:51:26] [Render thread/INFO]: [System] [CHAT] kalabhodai left the game
[17:51:27] [Render thread/INFO]: [System] [CHAT] eviniscool joined the game
[17:51:35] [Render thread/INFO]: [System] [CHAT] [Member] Usageur9 » tp trapper getting trapped by his own trap
[17:51:52] [Render thread/INFO]: [System] [CHAT] Zah1l left the game
[17:51:52] [Render thread/INFO]: [System] [CHAT] Gayam joined the game
[17:51:53] [Render thread/INFO]: [System] [CHAT] opgamer was smashed by UnLuckyKannaya using [s7]
[17:51:54] [Render thread/INFO]: [System] [CHAT] [Member] VoidViper » guys just gimme a kit
[17:51:55] [Render thread/INFO]: [System] [CHAT] sololeviling joined the game
[17:51:58] [Render thread/INFO]: [System] [CHAT] sololeviling left the game
[17:52:15] [Render thread/INFO]: [System] [CHAT] [Member] Usageur9 » yo come back
[17:52:22] [Render thread/INFO]: [System] [CHAT] [Member] Usageur9 » he left lol
[17:52:25] [Render thread/INFO]: [System] [CHAT] [✦][Pro] DARK_SHADOWX » opgamer
[17:52:27] [Render thread/INFO]: [System] [CHAT] [✦][Supporter] opgamer » DARK_SHADOWX ?
[17:52:29] [Render thread/INFO]: [System] [CHAT] [✦][Pro] DARK_SHADOWX » opgamer hlo
[17:52:29] [Render thread/INFO]: [System] [CHAT] [Member] VoidViper » some armor
[17:52:34] [Render thread/INFO]: [System] [CHAT] [✦][Supporter] opgamer » DARK_SHADOWX hi
[17:52:43] [Render thread/INFO]: [System] [CHAT] [✦][Pro] DARK_SHADOWX » opgamer do u have event key i wanna buy
[17:52:47] [Render thread/INFO]: [System] [CHAT] [✦][Supporter] opgamer » DARK_SHADOWX idh
[17:52:48] [Render thread/INFO]: [System] [CHAT] [★✦][Citizen] Xolegb » ?
[17:52:53] [Render thread/INFO]: [System] [CHAT] GoDHOPExd tried to swim in lava
[17:53:00] [Render thread/INFO]: [System] [CHAT] _h0w joined the game
[17:53:02] [Render thread/INFO]: [System] [CHAT] [✦][Pro] DARK_SHADOWX » opgamer btw u remember me
[17:53:08] [Render thread/INFO]: [System] [CHAT] [✦][Supporter] opgamer » DARK_SHADOWX nop
[17:53:13] [Render thread/INFO]: [System] [CHAT] [Member] TheOGJon » can i have a black and yellow banner anydesign is fine ForestZ
[17:53:15] [Render thread/INFO]: [System] [CHAT] LordZetana joined the game
[17:53:20] [Render thread/INFO]: [System] [CHAT] [Member] ForestZ » im working rn
[17:53:26] [Render thread/INFO]: [System] [CHAT] [✦][Pro] DARK_SHADOWX » opgamer u remember me
[17:53:28] [Render thread/INFO]: [System] [CHAT] GoDHOPExd left the game
[17:53:35] [Render thread/INFO]: [System] [CHAT] moootje2 joined the game
[17:53:38] [Render thread/INFO]: [System] [CHAT] [Member] ForestZ » ill be with u in 1 sec
[17:53:41] [Render thread/INFO]: [System] [CHAT] UnLuckyKannaya exterminated opgamer using [[Outpost] Mace]
[17:53:44] [Render thread/INFO]: [System] [CHAT] _h0w left the game
[17:53:44] [Render thread/INFO]: [System] [CHAT] [✦][Supporter] opgamer » nop
[17:53:48] [Render thread/INFO]: [System] [CHAT] shreyashgaming joined the game
[17:54:04] [Render thread/INFO]: [System] [CHAT] [✦][Pro] DARK_SHADOWX » opgamer do /nh DARK_SHADOWX
[17:54:05] [Render thread/INFO]: [System] [CHAT] bym_wWzSl_10_06 joined the game
[17:54:06] [Render thread/INFO]: [System] [CHAT]               Player Ad by Dumbeeb              
[17:54:06] [Render thread/INFO]: [System] [CHAT]  » Sell vote keys for 185k each! limited time price at /pwarp v Raise
[17:54:06] [Render thread/INFO]: [System] [CHAT]                                                             
[17:54:11] [Render thread/INFO]: [System] [CHAT] [Member] TheOGJon » vyom ill be back one minute
[17:54:12] [Render thread/INFO]: [System] [CHAT] * Slowsy is no longer AFK.
[17:54:12] [Render thread/INFO]: [System] [CHAT] Slowsy left the game
[17:54:17] [Render thread/INFO]: [System] [CHAT] [Member] vyom » TheOGJon ok
[17:54:19] [Render thread/INFO]: [System] [CHAT] [✦][Supporter] opgamer » DARK_SHADOWX Ohhh
[17:54:27] [Render thread/INFO]: [System] [CHAT] [✦][Supporter] opgamer » DARK_SHADOWX i remember you
[17:54:27] [Render thread/INFO]: [System] [CHAT] [✦][Pro] DARK_SHADOWX » opgamer i am sk
[17:54:31] [Render thread/INFO]: [System] [CHAT] [✦][Supporter] opgamer » DARK_SHADOWX yea
[17:54:39] [Render thread/INFO]: [System] [CHAT] [Member] Usageur9 » im waiting for zah1 to come back so i trap him inn his own trap
[17:54:45] [Render thread/INFO]: [System] [CHAT] bym_wWzSl_10_06 left the game
[17:54:50] [Render thread/INFO]: [System] [CHAT] TractorsRullz joined the game
[17:55:00] [Render thread/INFO]: [System] [CHAT] zyadplays61 joined the game
[17:55:05] [Render thread/INFO]: [System] [CHAT] 
[17:55:05] [Render thread/INFO]: [System] [CHAT]  || Vote for us and get Vote Keys every day!
[17:55:05] [Render thread/INFO]: [System] [CHAT]  || Go to: https://www.extremecraft.net/vote/ *click*
[17:55:05] [Render thread/INFO]: [System] [CHAT] 
[17:55:07] [Render thread/INFO]: [System] [CHAT] [✦][Supporter] opgamer » leme come
[17:55:11] [Render thread/INFO]: [System] [CHAT] [Member] Usageur9 » opgamer wanna see it?
[17:55:14] [Render thread/INFO]: [System] [CHAT] [✦][Supporter] opgamer » yea
[17:55:20] [Render thread/INFO]: [System] [CHAT] [Member] Usageur9 » i know where he logged off
[17:55:26] [Render thread/INFO]: Resizing Chunk Sections UBO, capacity limit of 512 reached during a single frame. New capacity will be 1024.
[17:55:26] [Render thread/INFO]: [System] [CHAT] [Member] Usageur9 » same block
[17:55:30] [Render thread/INFO]: [System] [CHAT] [✦][Supporter] opgamer » ohk
[17:55:31] [Render thread/INFO]: [System] [CHAT] [Member] Usageur9 » move
[17:55:31] [Render thread/INFO]: [System] [CHAT] Alt2 joined the game
[17:55:34] [Render thread/INFO]: [System] [CHAT] [✦][Pro] DARK_SHADOWX » opgamer u have sand i need it plss
[17:55:34] [Render thread/INFO]: [System] [CHAT] [Member] TheOGJon » ForestZ u almost done?
[17:55:38] [Render thread/INFO]: [System] [CHAT] [Member] ForestZ » close
[17:55:40] [Render thread/INFO]: [System] [CHAT] [✦][Supporter] opgamer » DARK_SHADOWX idh
[17:55:42] [Render thread/INFO]: [System] [CHAT] [Member] Usageur9 » when he logs in he is dead
[17:55:45] [Render thread/INFO]: [System] [CHAT] zyadplays61 left the game
[17:55:47] [Render thread/INFO]: [System] [CHAT] [Member] TheOGJon » vyom i gtg sry
[17:55:50] [Render thread/INFO]: [System] [CHAT] [✦][Pro] DARK_SHADOWX » opgamer ok :(
[17:55:50] [Render thread/INFO]: [System] [CHAT] [✦][Supporter] opgamer » oh
[17:55:51] [Render thread/INFO]: [System] [CHAT] [Member] Usageur9 » he was gonna trap me here VoidViper
[17:55:53] [Render thread/INFO]: [System] [CHAT] [Shop] » You just bought 1x Blast Furnace for $2,136.91.
[17:55:53] [Render thread/INFO]: [System] [CHAT] [Member] vyom » TheOGJon byeeee
[17:55:54] [Render thread/INFO]: [System] [CHAT] Wraithmark joined the game
[17:55:55] [Render thread/INFO]: [System] [CHAT] Alt2 left the game
[17:55:55] [Render thread/INFO]: [System] [CHAT] [Achievements] » You completed XP II!
[17:55:55] [Render thread/INFO]: [System] [CHAT] [Achievements] » You received 6 Tokens & 5 BattlePass XP
[17:55:59] [Render thread/INFO]: [System] [CHAT] [Member] TheOGJon » vyom byee
[17:56:05] [Render thread/INFO]: [System] [CHAT] [✦][Supporter] opgamer » tp me
[17:56:08] [Render thread/INFO]: [System] [CHAT] [Member] TheOGJon » ForestZ pls quick
[17:56:15] [Render thread/INFO]: [System] [CHAT] [Member] ForestZ » im trying
[17:56:16] [Render thread/INFO]: [System] [CHAT] [Member] Usageur9 » he logged off there
[17:56:17] [Render thread/INFO]: [System] [CHAT] DaddyDachy left the game
[17:56:19] [Render thread/INFO]: [System] [CHAT] _Xempo_ joined the game
[17:56:23] [Render thread/INFO]: [System] [CHAT] Slowsy joined the game
[17:56:30] [Render thread/INFO]: [System] [CHAT] * Slowsy is now AFK.
[17:56:30] [Render thread/INFO]: [System] [CHAT] _Xempo_ left the game
[17:56:37] [Render thread/INFO]: [System] [CHAT] jordannm38 left the game
[17:56:54] [Render thread/INFO]: [System] [CHAT] shreyashgaming left the game
[17:56:54] [Render thread/INFO]: [System] [CHAT] rush797 joined the game
[17:56:56] [Render thread/INFO]: [System] [CHAT] [Member] Usageur9 » when he logs on imma allow pvp
[17:56:58] [Render thread/INFO]: [System] [CHAT] [✦][Supporter] opgamer » put tourch
[17:56:59] [Render thread/INFO]: [System] [CHAT] Other players can build here, too.  Consider creating a land claim to protect your work!
[17:57:02] [Render thread/INFO]: [System] [CHAT] [Member] Usageur9 » so u guys make sure to move
[17:57:13] [Render thread/INFO]: [System] [CHAT] Connecting to pvp...
[17:57:14] [Render thread/INFO]: [System] [CHAT] NezarFB joined the game
[17:57:15] [Render thread/INFO]: [System] [CHAT] jackgamer joined the game
[17:57:17] [Render thread/INFO]: [System] [CHAT] [★✦][LaLiberta] Cryzerr » later dude
[17:57:18] [Render thread/INFO]: [System] [CHAT] Connecting to bedwars...
[17:57:19] [Render thread/INFO]: [System] [CHAT] NezarFB joined the game
[17:57:24] [Render thread/INFO]: [System] [CHAT] BedWars » NezarFB joined the game! [3/8]
[17:57:26] [Render thread/INFO]: [System] [CHAT] Vote for us and get rewards every day!
[17:57:28] [Render thread/INFO]: [System] [CHAT] BedWars » Selected team: Yellow [2/2]
[17:57:31] [Render thread/INFO]: [System] [CHAT] BedWars » Selected team: Green [2/2]
[17:57:47] [Render thread/INFO]: [System] [CHAT] Gio67 was slain by bolbol_elnegm
[17:57:55] [Render thread/INFO]: [System] [CHAT] REZIKO fell out of the world
[17:58:00] [Render thread/INFO]: [System] [CHAT] barhoumeh joined the game
[17:58:02] [Render thread/INFO]: [System] [CHAT] izzyvel left the game
[17:58:09] [Render thread/INFO]: [System] [CHAT] izzyvel joined the game
[17:58:24] [Render thread/INFO]: [System] [CHAT] bolbol_elnegm died
[17:58:24] [Render thread/INFO]: [System] [CHAT] bolbol_elnegm died
[17:58:24] [Render thread/INFO]: [System] [CHAT] bolbol_elnegm died
[17:58:24] [Render thread/INFO]: [System] [CHAT] bolbol_elnegm died
[17:58:24] [Render thread/INFO]: [System] [CHAT] bolbol_elnegm died
[17:58:54] [Render thread/INFO]: [System] [CHAT] KAJETANEK05 joined the game
[17:59:10] [Render thread/INFO]: [System] [CHAT] barhoumeh fell out of the world
[17:59:20] [Render thread/INFO]: [System] [CHAT] izzyvel fell out of the world
[17:59:30] [Render thread/INFO]: [System] [CHAT] BedWars » Successfully purchased 1x Stick for 8 Bronze!
[17:59:32] [Render thread/INFO]: [System] [CHAT] izzyvel left the game
[17:59:33] [Render thread/INFO]: [System] [CHAT] BedWars » Successfully purchased 2x Cooked Porkchop for 4 Bronze!
[17:59:36] [Render thread/INFO]: [System] [CHAT] BedWars » Successfully purchased 1x Leather Helmet for 1 Bronze!
[17:59:36] [Render thread/INFO]: [System] [CHAT] BedWars » Successfully purchased 1x Leather Leggings for 1 Bronze!
[17:59:37] [Render thread/INFO]: [System] [CHAT] BedWars » Successfully purchased 1x Leather Boots for 1 Bronze!
[17:59:37] [Render thread/INFO]: [System] [CHAT] BedWars » Successfully purchased 1x Chainmail Chestplate for 1 Iron!
[17:59:39] [Render thread/INFO]: [System] [CHAT] BedWars » Successfully purchased 2x Cut Sandstone for 1 Bronze!
[17:59:40] [Render thread/INFO]: [System] [CHAT] BedWars » Successfully purchased 2x Cut Sandstone for 1 Bronze!
[17:59:40] [Render thread/INFO]: [System] [CHAT] BedWars » Successfully purchased 2x Cut Sandstone for 1 Bronze!
[17:59:40] [Render thread/INFO]: [System] [CHAT] BedWars » Successfully purchased 2x Cut Sandstone for 1 Bronze!
[17:59:40] [Render thread/INFO]: [System] [CHAT] BedWars » Successfully purchased 2x Cut Sandstone for 1 Bronze!
[17:59:40] [Render thread/INFO]: [System] [CHAT] BedWars » Successfully purchased 2x Cut Sandstone for 1 Bronze!
[17:59:40] [Render thread/INFO]: [System] [CHAT] BedWars » Successfully purchased 2x Cut Sandstone for 1 Bronze!
[17:59:40] [Render thread/INFO]: [System] [CHAT] BedWars » Successfully purchased 2x Cut Sandstone for 1 Bronze!
[17:59:40] [Render thread/INFO]: [System] [CHAT] BedWars » Successfully purchased 2x Cut Sandstone for 1 Bronze!
[17:59:40] [Render thread/INFO]: [System] [CHAT] BedWars » Successfully purchased 2x Cut Sandstone for 1 Bronze!
[17:59:40] [Render thread/INFO]: [System] [CHAT] BedWars » Successfully purchased 2x Cut Sandstone for 1 Bronze!
[17:59:40] [Render thread/INFO]: [System] [CHAT] BedWars » Successfully purchased 2x Cut Sandstone for 1 Bronze!
[17:59:40] [Render thread/INFO]: [System] [CHAT] BedWars » Successfully purchased 2x Cut Sandstone for 1 Bronze!
[17:59:40] [Render thread/INFO]: [System] [CHAT] BedWars » Successfully purchased 2x Cut Sandstone for 1 Bronze!
[17:59:41] [Render thread/INFO]: [System] [CHAT] BedWars » Successfully purchased 2x Cut Sandstone for 1 Bronze!
[17:59:41] [Render thread/INFO]: [System] [CHAT] BedWars » Successfully purchased 2x Cut Sandstone for 1 Bronze!
[17:59:41] [Render thread/INFO]: [System] [CHAT] BedWars » Successfully purchased 2x Cut Sandstone for 1 Bronze!
[17:59:41] [Render thread/INFO]: [System] [CHAT] BedWars » Lack of material to buy 2x Cut Sandstone! Needed 1 Bronze!
[17:59:41] [Render thread/INFO]: [System] [CHAT] BedWars » Lack of material to buy 2x Cut Sandstone! Needed 1 Bronze!
[17:59:41] [Render thread/INFO]: [System] [CHAT] BedWars » Lack of material to buy 2x Cut Sandstone! Needed 1 Bronze!
[17:59:41] [Render thread/INFO]: [System] [CHAT] BedWars » Lack of material to buy 2x Cut Sandstone! Needed 1 Bronze!
[17:59:52] [Render thread/INFO]: [System] [CHAT] [Debug]: Hitboxes: hidden
[17:59:56] [Render thread/INFO]: [System] [CHAT] barhoumeh left the game
[17:59:57] [Render thread/INFO]: [System] [CHAT] battle_host1 was slain by Gamelord
[17:59:57] [Render thread/INFO]: [System] [CHAT] BedWars » Player Gamelord killed battle_host1!
[18:00:03] [Render thread/INFO]: [System] [CHAT] Faustyna2009 was slain by bolbol_elnegm
[18:00:06] [Render thread/INFO]: [System] [CHAT] Marcelo3204 fell out of the world
[18:00:12] [Render thread/INFO]: [System] [CHAT] izzyvel joined the game
[18:00:13] [Render thread/INFO]: [System] [CHAT] TheLordOfThunder didn't want to live in the same world as MedixMCq
[18:00:32] [Render thread/INFO]: [System] [CHAT] TheLordOfThunder was slain by cendx
[18:00:33] [Render thread/INFO]: [System] [CHAT] cendx was slain by higiota
[18:00:34] [Render thread/INFO]: [System] [CHAT] REZIKO fell out of the world
[18:00:35] [Render thread/INFO]: [System] [CHAT] Gio67 fell out of the world
[18:00:44] [Render thread/INFO]: [System] [CHAT] NezarFB was slain by Gamelord
[18:00:44] [Render thread/INFO]: [System] [CHAT] BedWars » Player Gamelord killed NezarFB!
[18:00:47] [Render thread/INFO]: [System] [CHAT] battle_host1 was slain by Gamelord
[18:00:47] [Render thread/INFO]: [System] [CHAT] BedWars » Player Gamelord killed battle_host1!
[18:00:48] [Render thread/INFO]: [System] [CHAT] BedWars » Bed of Green is destroyed!
[18:00:57] [Render thread/INFO]: [System] [CHAT] MedixMCq fell out of the world
[18:00:57] [Render thread/INFO]: [System] [CHAT] KAJETANEK05 fell out of the world
[18:01:04] [Render thread/INFO]: [System] [CHAT] battle_host1 fell out of the world
[18:01:04] [Render thread/INFO]: [System] [CHAT] BedWars » Player battle_host1 died!
[18:01:09] [Render thread/INFO]: [System] [CHAT] battle_host1 left the game
[18:01:11] [Render thread/INFO]: [System] [CHAT] izzyvel fell out of the world
[18:01:21] [Render thread/INFO]: [System] [CHAT] battle_host1 joined the game
[18:01:23] [Render thread/INFO]: [System] [CHAT] stopencil fell out of the world
[18:01:30] [Render thread/INFO]: [System] [CHAT] Marcelo3204 was slain by bolbol_elnegm
[18:01:31] [Render thread/INFO]: [System] [CHAT] Faustyna2009 was slain by bolbol_elnegm
[18:01:42] [Render thread/INFO]: [System] [CHAT] DoctorDome was slain by Black_AR using [Axe of Infinity]
[18:01:44] [Render thread/INFO]: [System] [CHAT] izzyvel fell out of the world
[18:01:49] [Render thread/INFO]: [System] [CHAT] Faustyna2009 was slain by bolbol_elnegm
[18:01:52] [Render thread/INFO]: [System] [CHAT] battle_host1 left the game
[18:02:03] [Render thread/INFO]: [System] [CHAT] Marcelo3204 was slain by Black_AR using [Axe of Infinity]
[18:02:07] [Render thread/INFO]: [System] [CHAT] TheLordOfThunder left the game
[18:02:08] [Render thread/INFO]: [System] [CHAT] Faustyna2009 was slain by Black_AR using [Axe of Infinity]
[18:02:16] [Render thread/INFO]: [System] [CHAT] Blitz7254647 was slain by cendx
[18:02:17] [Render thread/INFO]: [System] [CHAT] [6420✩][Member] Gamelord » gg
[18:02:20] [Render thread/INFO]: [System] [CHAT] NezarFB fell out of the world
[18:02:20] [Render thread/INFO]: [System] [CHAT] BedWars » Player NezarFB died!
[18:02:21] [Render thread/INFO]: [System] [CHAT] BedWars » Team Yellow won game in 04:33
[18:02:25] [Render thread/INFO]: [System] [CHAT] BedWars » Gamelord left the game!
[18:02:25] [Render thread/INFO]: [System] [CHAT] BedWars » Game ended! Thanks for playing!
[18:02:29] [Render thread/INFO]: [System] [CHAT] Connecting to neosurvival...
[18:02:31] [Render thread/INFO]: [System] [CHAT] NezarFB joined the game
[18:02:31] [Render thread/INFO]: [System] [CHAT] [❤][✦][MVP] Wraithmark » Xolegb leave her
[18:02:33] [Render thread/INFO]: [System] [CHAT] You can't fight someone while you're protected from PvP.
[18:02:34] [Render thread/INFO]: [System] [CHAT] [Outposts] » Outposts ready to be looted: /outposts
[18:02:38] [Render thread/INFO]: [System] [CHAT] [★✦][Citizen] Xolegb » Wraithmark keep ct
[18:02:54] [Render thread/INFO]: [System] [CHAT] TractorsRullz joined the game
[18:02:55] [Render thread/INFO]: [System] [CHAT] barhoumeh fell out of the world
[18:03:05] [Render thread/INFO]: [System] [CHAT] 
[18:03:05] [Render thread/INFO]: [System] [CHAT]  || Vote for us and get Vote Keys every day!
[18:03:05] [Render thread/INFO]: [System] [CHAT]  || Go to: https://www.extremecraft.net/vote/ *click*
[18:03:05] [Render thread/INFO]: [System] [CHAT] 
[18:03:09] [Render thread/INFO]: [System] [CHAT] [✦][Pro] DARK_SHADOWX » Wraithmark what banners u need/
[18:03:10] [Render thread/INFO]: [System] [CHAT] [Member] VoidViper » cmon i want some stuff too
[18:03:13] [Render thread/INFO]: [System] [CHAT] [Member] ForestZ » who wants a custom banner
[18:03:18] [Render thread/INFO]: [System] [CHAT] barhoumeh left the game
[18:03:23] [Render thread/INFO]: [System] [CHAT] [❤][Member] weibou » :{
[18:03:23] [Render thread/INFO]: [System] [CHAT] [Member] ForestZ » DARK_SHADOWX HEY UR TAKING MY JOB
[18:03:31] [Render thread/INFO]: [System] [CHAT] You can't fight someone while you're protected from PvP.
[18:03:32] [Render thread/INFO]: [System] [CHAT] [✦][Pro] DARK_SHADOWX » ForestZ what job
[18:03:37] [Render thread/INFO]: [System] [CHAT] GM9292 joined the game
[18:03:37] [Render thread/INFO]: [System] [CHAT] [✦][Pro] DARK_SHADOWX » Wraithmark what banners u need?
[18:03:39] [Render thread/INFO]: [System] [CHAT] [Member] ForestZ » i make banners for ppl
[18:03:44] [Render thread/INFO]: [System] [CHAT] ItsYaBoiSloth left the game
[18:03:47] [Render thread/INFO]: [System] [CHAT] barkin35 joined the game
[18:03:51] [Render thread/INFO]: [System] [CHAT] [✦][Pro] DARK_SHADOWX » ForestZ for how much per?
[18:03:52] [Render thread/INFO]: [System] [CHAT] [Member] ForestZ » DARK_SHADOWX and ur trying to 1 up me
[18:03:59] [Render thread/INFO]: [System] [CHAT] Gayam joined the game
[18:04:05] [Render thread/INFO]: [System] [CHAT]  »  We're looking for Builders! 
[18:04:05] [Render thread/INFO]: [System] [CHAT]  »  You can apply here on our website!
[18:04:05] [Render thread/INFO]: [System] [CHAT]  » https://www.extremecraft.net/applications/new/2/
[18:04:05] [Render thread/INFO]: [System] [CHAT]  »  Apply now and be part of an exciting journey!
[18:04:06] [Render thread/INFO]: [System] [CHAT]               Player Ad by Dumbeeb              
[18:04:06] [Render thread/INFO]: [System] [CHAT]  » Sell vote keys for 185k each! limited time price at /pwarp v Raise
[18:04:06] [Render thread/INFO]: [System] [CHAT]                                                             
[18:04:08] [Render thread/INFO]: [System] [CHAT] [★✦][Citizen] Xolegb » Wraithmark ?
[18:04:12] [Render thread/INFO]: [System] [CHAT] [Member] ForestZ » 10k and if i cant make it in the first 5 tries i give a 25% dis
[18:04:12] [Render thread/INFO]: [System] [CHAT] [✦][Pro] DARK_SHADOWX » Wraithmark
[18:04:13] [Render thread/INFO]: [System] [CHAT] [Member] VoidViper » bro i saw u in the bossfight yku are NOT broke
[18:04:14] [Render thread/INFO]: [System] [CHAT] [❤][✦][MVP] Wraithmark » Xolegb enough
[18:04:21] [Render thread/INFO]: [System] [CHAT] barkin35 left the game
[18:04:22] [Render thread/INFO]: [System] [CHAT] [❤][✦][MVP] Wraithmark » DARK_SHADOWX yea?
[18:04:26] [Render thread/INFO]: [System] [CHAT] [★✦][Citizen] Xolegb » she always killin me Wraithmark
[18:04:29] [Render thread/INFO]: [System] [CHAT] rush797 left the game
[18:04:39] [Render thread/INFO]: [System] [CHAT] [❤][✦][MVP] Wraithmark » Xolegb gimme trust for a min
[18:04:41] [Render thread/INFO]: [System] [CHAT] [★✦][Citizen] Xolegb » Wraithmark u don have trust yk
[18:04:43] [Render thread/INFO]: [System] [CHAT] [✦][Pro] DARK_SHADOWX » Wraithmark coem to my mall
[18:04:55] [Render thread/INFO]: [System] [CHAT] [❤][✦][MVP] Wraithmark » DARK_SHADOWX 1min
[18:04:58] [Render thread/INFO]: [System] [CHAT] [Member] ForestZ » DARK_SHADOWX i bet my banners are better anyways
[18:04:59] [Render thread/INFO]: [System] [CHAT] [Member] Usageur9 » all my armour are nexuse
[18:05:06] [Render thread/INFO]: [System] [CHAT] [★✦][Citizen] Xolegb » ?
[18:05:12] [Render thread/INFO]: [System] [CHAT] [✦][Pro] DARK_SHADOWX » ForestZ come to my mall
[18:05:12] [Render thread/INFO]: [System] [CHAT] [❤][✦][MVP] Wraithmark » Xolegb gimme trust for a min
[18:05:20] [Render thread/INFO]: [System] [CHAT] [Member] ForestZ » hell nah
[18:05:26] [Render thread/INFO]: [System] [CHAT] [✦][Pro] DARK_SHADOWX » ForestZ y
[18:05:27] [Render thread/INFO]: [System] [CHAT] VoidViper left the game
[18:05:29] [Render thread/INFO]: [System] [CHAT] [Member] Usageur9 » when will the dumbahh will join
[18:05:33] [Render thread/INFO]: [System] [CHAT] [Member] ForestZ » DARK_SHADOWX why should i
[18:06:03] [Render thread/INFO]: [System] [CHAT] [★✦][Citizen] Xolegb » Wraithmark
[18:06:04] [Render thread/INFO]: [System] [CHAT] [✦][Pro] DARK_SHADOWX » ForestZ to show u banners of my an my frnd
[18:06:11] [Render thread/INFO]: [System] [CHAT] [★✦][Citizen] Xolegb » pls lemme take my revenge
[18:06:12] [Render thread/INFO]: [System] [CHAT] Xolegb was burned to a crisp while fighting Wraithmark
[18:06:12] [Render thread/INFO]: [System] [CHAT] You can't fight someone while you're protected from PvP.
[18:06:13] [Render thread/INFO]: [System] [CHAT] [✦][Supporter] opgamer » D
[18:06:13] [Render thread/INFO]: [System] [CHAT] You can't fight someone while you're protected from PvP.
[18:06:14] [Render thread/INFO]: [System] [CHAT] You can't fight someone while you're protected from PvP.
[18:06:17] [Render thread/INFO]: [System] [CHAT] [Member] Jojo_123 » can someone donate me 5m
[18:06:20] [Render thread/INFO]: [System] [CHAT] [Member] ForestZ » DARK_SHADOWX alr ima show u MY master piece then
[18:06:26] [Render thread/INFO]: [System] [CHAT] [❤][✦][MVP] Wraithmark » Xolegb listen
[18:06:28] [Render thread/INFO]: [System] [CHAT] [✦][Pro] DARK_SHADOWX » ForestZ k
[18:06:34] [Render thread/INFO]: [System] [CHAT] [Member] ForestZ » lemmi make it rq
[18:06:34] [Render thread/INFO]: [System] [CHAT] [❤][✦][MVP] Wraithmark » Xolegb dont do that for me
[18:06:41] [Render thread/INFO]: [System] [CHAT] [★✦][Citizen] Xolegb » but
[18:06:41] [Render thread/INFO]: [System] [CHAT] [Member] Usageur9 » imma get full bh from zah1 lets goooo
[18:06:53] [Render thread/INFO]: [System] [CHAT] [✦][Pro] DARK_SHADOWX » Jojo_123 ?
[18:06:53] [Render thread/INFO]: [System] [CHAT] VoidViper joined the game
[18:06:54] [Render thread/INFO]: [System] [CHAT] [★✦][Citizen] Xolegb » Wraithmark she killed me 10 tiime'w
[18:07:00] [Render thread/INFO]: [System] [CHAT] [❤][✦][MVP] Wraithmark » Xolegb dont do that for me bro
[18:07:01] [Render thread/INFO]: [System] [CHAT] [✦][Pro] DARK_SHADOWX » ? Jojo_123
[18:07:03] [Render thread/INFO]: [System] [CHAT] [Member] Jojo_123 » nothing
[18:07:06] [Render thread/INFO]: [System] [CHAT] [★✦][Citizen] Xolegb » Wraithmark bro but
[18:07:09] [Render thread/INFO]: [System] [CHAT] [❤][✦][MVP] Wraithmark » Xolegb gimme trust
[18:07:12] [Render thread/INFO]: [System] [CHAT] [★✦][Citizen] Xolegb » k
[18:07:16] [Render thread/INFO]: [System] [CHAT] [★✦][Citizen] Xolegb » i ill
[18:07:19] [Render thread/INFO]: [System] [CHAT] [★✦][Citizen] Xolegb » let her go
[18:07:22] [Render thread/INFO]: [System] [CHAT] [❤][✦][MVP] Wraithmark » Xolegb gimme trust i said'
[18:07:24] [Render thread/INFO]: [System] [CHAT] leeevski3322 joined the game
[18:07:25] [Render thread/INFO]: [System] [CHAT] [Shop] » You just bought 1x Gunpowder for $300.00.
[18:07:25] [Render thread/INFO]: [System] [CHAT] [Shop] » You just bought 1x Gunpowder for $300.00.
[18:07:25] [Render thread/INFO]: [System] [CHAT] [Shop] » You just bought 1x Gunpowder for $300.00.
[18:07:26] [Render thread/INFO]: [System] [CHAT] [Shop] » You just bought 1x Gunpowder for $300.00.
[18:07:26] [Render thread/INFO]: [System] [CHAT] [Shop] » You just bought 1x Gunpowder for $300.00.
[18:07:26] [Render thread/INFO]: [System] [CHAT] [Shop] » You just bought 1x Gunpowder for $300.00.
[18:07:26] [Render thread/INFO]: [System] [CHAT] [Shop] » You just bought 1x Gunpowder for $300.00.
[18:07:26] [Render thread/INFO]: [System] [CHAT] [Shop] » You just bought 1x Gunpowder for $300.00.
[18:07:26] [Render thread/INFO]: [System] [CHAT] [Shop] » You just bought 1x Gunpowder for $300.00.
[18:07:27] [Render thread/INFO]: [System] [CHAT] [Shop] » You just bought 1x Gunpowder for $300.00.
[18:07:27] [Render thread/INFO]: [System] [CHAT] [Shop] » You just bought 1x Gunpowder for $300.00.
[18:07:27] [Render thread/INFO]: [System] [CHAT] [★✦][Citizen] Xolegb » ct
[18:07:27] [Render thread/INFO]: [System] [CHAT] [Shop] » You just bought 1x Gunpowder for $300.00.
[18:07:29] [Render thread/INFO]: [System] [CHAT] leeevski3322 left the game
[18:07:36] [Render thread/INFO]: [System] [CHAT] [Member] Usageur9 » no
[18:07:38] [Render thread/INFO]: [System] [CHAT] [Shop] » You just bought 1x Sugar Cane for $9.00.
[18:07:38] [Render thread/INFO]: [System] [CHAT] [Shop] » You just bought 1x Sugar Cane for $9.00.
[18:07:38] [Render thread/INFO]: [System] [CHAT] [Shop] » You just bought 1x Sugar Cane for $9.00.
[18:07:38] [Render thread/INFO]: [System] [CHAT] [Shop] » You just bought 1x Sugar Cane for $9.00.
[18:07:39] [Render thread/INFO]: [System] [CHAT] [Shop] » You just bought 1x Sugar Cane for $9.00.
[18:07:39] [Render thread/INFO]: [System] [CHAT] [Shop] » You just bought 1x Sugar Cane for $9.00.
[18:07:39] [Render thread/INFO]: [System] [CHAT] [❤][☆✦][TheFallen] LordZetana » Jojo_123 rtp for me
[18:07:40] [Render thread/INFO]: [System] [CHAT] [Shop] » You just bought 32x Sugar Cane for $288.00.
[18:07:40] [Render thread/INFO]: [System] [CHAT] [Shop] » You just bought 1x Sugar Cane for $9.00.
[18:07:41] [Render thread/INFO]: [System] [CHAT] [❤][✦][MVP] Wraithmark » Xolegb alr fast
[18:07:46] [Render thread/INFO]: [System] [CHAT] [Member] VoidViper » sorry
[18:07:52] [Render thread/INFO]: [System] [CHAT] [★✦][Citizen] Xolegb » i kicked her
[18:07:55] [Render thread/INFO]: [System] [CHAT] [✦][Pro] DARK_SHADOWX » Wraithmark fast i have to go
[18:07:56] [Render thread/INFO]: [System] [CHAT] [Member] Jojo_123 » LordZetana why
[18:07:58] [Render thread/INFO]: [System] [CHAT] [❤][✦][MVP] Wraithmark » Xolegb shes gone
[18:07:58] [Render thread/INFO]: [System] [CHAT] [Member] ForestZ » alr
[18:08:03] [Render thread/INFO]: [System] [CHAT] [❤][☆✦][TheFallen] LordZetana » my rtp on cooldown Jojo_123
[18:08:05] [Render thread/INFO]: [System] [CHAT] [★✦][Citizen] Xolegb » Wraithmark i kicked her
[18:08:07] [Render thread/INFO]: [System] [CHAT] Request sent to aLiAbIdI. Beware PvP is enabled at destination location.
[18:08:08] [Render thread/INFO]: [System] [CHAT] [Member] ForestZ » ill be waiting at ur mall
[18:08:12] [Render thread/INFO]: [System] [CHAT] [★✦][Citizen] Xolegb » from claim
[18:08:13] [Render thread/INFO]: [System] [CHAT] Teleportation will commence in 3 seconds, don't move.
[18:08:16] [Render thread/INFO]: [System] [CHAT] [Achievements] » You completed Food I (Cooked Chicken)!
[18:08:16] [Render thread/INFO]: [System] [CHAT] [Achievements] » You received 3 Tokens & 4 BattlePass XP
[18:08:16] [Render thread/INFO]: [System] [CHAT] Attempting to teleport...
[18:08:16] [Render thread/INFO]: [System] [CHAT] Teleporting...
[18:08:18] [Render thread/INFO]: [System] [CHAT] [Member] Usageur9 » stop
[18:08:32] [Render thread/INFO]: [System] [CHAT] [✦][Pro] DARK_SHADOWX » Wraithmark this one?
[18:08:39] [Render thread/INFO]: [System] [CHAT] [❤][✦][MVP] Wraithmark » DARK_SHADOWX these 2
[18:08:41] [Render thread/INFO]: [System] [CHAT] [✦][Pro] DARK_SHADOWX » Wraithmark come
[18:08:46] [Render thread/INFO]: [System] [CHAT] [✦][Supporter] opgamer » tpppp
[18:08:47] [Render thread/INFO]: [System] [CHAT] [★✦][Citizen] Xolegb » weibou
[18:08:48] [Render thread/INFO]: [System] [CHAT] Remrem00 left the game
[18:08:48] [Render thread/INFO]: [System] [CHAT] [ChestHopper] listed on AH for $6,400,000.00
[18:08:49] [Render thread/INFO]: [System] [CHAT] [★✦][Citizen] Xolegb » yk
[18:08:57] [Render thread/INFO]: [System] [CHAT] TractorsRullz left the game
[18:09:01] [Render thread/INFO]: [System] [CHAT] [★✦][Citizen] Xolegb » u got saved coz if Wraithmark
[18:09:01] [Render thread/INFO]: [System] [CHAT] [✦][Pro] DARK_SHADOWX » Wraithmark here
[18:09:06] [Render thread/INFO]: [System] [CHAT]             Player Ad by thedamiond            
[18:09:06] [Render thread/INFO]: [System] [CHAT]  » Lf bh chestplate buying for 7.5m-8m
[18:09:06] [Render thread/INFO]: [System] [CHAT]                                                             
[18:09:12] [Render thread/INFO]: [System] [CHAT] [✦][Supporter] opgamer » DARK_SHADOWX gunssmoke skin ;-;
[18:09:17] [Render thread/INFO]: [System] [CHAT] [✦][Pro] DARK_SHADOWX » opgamer yeh
[18:09:17] [Render thread/INFO]: [System] [CHAT] [❤][☆✦][TheFallen] LordZetana » Jojo_123 u there?
[18:09:19] [Render thread/INFO]: [System] [CHAT] TractorsRullz joined the game
[18:09:21] [Render thread/INFO]: [System] [CHAT] Remrem00 joined the game
[18:09:21] [Render thread/INFO]: [System] [CHAT] 4xse was Ejected!
[18:09:23] [Render thread/INFO]: [System] [CHAT] [Member] VoidViper » stop
[18:09:30] [Render thread/INFO]: [System] [CHAT] [Member] Jojo_123 » LordZetana no
[18:09:31] [Render thread/INFO]: [System] [CHAT] opgamer left the game
[18:09:32] [Render thread/INFO]: [System] [CHAT] [VoteParty] » 60 votes left for the /voteparty!
[18:09:32] [Render thread/INFO]: [System] [CHAT] UnLuckyKannaya voted (TopG.org) and received 2x Vote Keys and $1,000!
[18:09:34] [Render thread/INFO]: [System] [CHAT] kurtd33 joined the game
[18:09:35] [Render thread/INFO]: [System] [CHAT] LimpyBizkit joined the game
[18:09:39] [Render thread/INFO]: [System] [CHAT] [✦][Pro] DARK_SHADOWX » Wraithmark bye ForestZ
[18:09:40] [Render thread/INFO]: [System] [CHAT] VoidViper was slain by Usageur9 using [[Phantom] Sword]
[18:09:45] [Render thread/INFO]: [System] [CHAT] [Member] ForestZ » DARK_SHADOWX NAH NAH
[18:09:53] [Render thread/INFO]: [System] [CHAT] [Member] ForestZ » DARK_SHADOWX what is ur mall pw
[18:09:54] [Render thread/INFO]: [System] [CHAT] [❤][✦][MVP] Wraithmark » Xolegb combine them
[18:09:56] [Render thread/INFO]: [System] [CHAT] [✦][Pro] DARK_SHADOWX » ForestZ i ahve to go my father has arrive
[18:09:59] [Render thread/INFO]: [System] [CHAT] Alt2 joined the game
[18:09:59] [Render thread/INFO]: [System] [CHAT] [★✦][Citizen] Xolegb » idh xp
[18:10:00] [Render thread/INFO]: [System] [CHAT] VoidViper was slain by Usageur9 using [[Shredded] Sword]
[18:10:00] [Render thread/INFO]: [System] [CHAT] [✦][Pro] DARK_SHADOWX » ForestZ raise
[18:10:04] [Render thread/INFO]: [System] [CHAT] ChihuahuaLover71 joined the game
[18:10:04] [Render thread/INFO]: [System] [CHAT] [Member] ForestZ » DARK_SHADOWX i need to prove im better
[18:10:06] [Render thread/INFO]: [System] [CHAT] [✦][Pro] DARK_SHADOWX » ForestZ bye
[18:10:09] [Render thread/INFO]: [System] [CHAT] LimpyBizkit left the game
[18:10:13] [Render thread/INFO]: [System] [CHAT] [✦][Pro] DARK_SHADOWX » ForestZ see u later
[18:10:20] [Render thread/INFO]: [System] [CHAT] [❤][☆✦][TheFallen] LordZetana » free base Jojo_123
[18:10:20] [Render thread/INFO]: [System] [CHAT] Alt2 left the game
[18:10:25] [Render thread/INFO]: [System] [CHAT] [Voter] Revive » u only gave me 1 key tho
[18:10:26] [Render thread/INFO]: [System] [CHAT] [❤][✦][MVP] Wraithmark » Xolegb how to do
[18:10:28] [Render thread/INFO]: [System] [CHAT] [Member] ForestZ » i am a better banner maker i need to prove it
[18:10:29] [Render thread/INFO]: [System] [CHAT] KhaoticKhayos left the game
[18:10:32] [Render thread/INFO]: [System] [CHAT] [★✦][Citizen] Xolegb » Wraithmark anvil
[18:10:37] [Render thread/INFO]: [System] [CHAT] [❤][Member] weibou » pvp
[18:10:46] [Render thread/INFO]: [System] [CHAT] [★✦][Citizen] Xolegb » weibou ..
[18:10:48] [Render thread/INFO]: [System] [CHAT] [❤][☆✦][TheFallen] LordZetana » Jojo_123 lokka this
[18:10:48] [Render thread/INFO]: [System] [CHAT] [✦][Pro] DARK_SHADOWX » ForestZ bye bro accept frnd req
[18:10:51] [Render thread/INFO]: [System] [CHAT] [★✦][Citizen] Xolegb » u jus got saved
[18:10:51] [Render thread/INFO]: [System] [CHAT] [Member] ForestZ » how
[18:10:53] [Render thread/INFO]: [System] [CHAT] [Member] ForestZ » uh
[18:10:54] [Render thread/INFO]: [System] [CHAT] Remrem00 left the game
[18:10:59] [Render thread/INFO]: [System] [CHAT] [✦][Pro] DARK_SHADOWX » ForestZ click on it
[18:11:05] [Render thread/INFO]: [System] [CHAT] 
[18:11:05] [Render thread/INFO]: [System] [CHAT]  || Vote for us and get Vote Keys every day!
[18:11:05] [Render thread/INFO]: [System] [CHAT]  || Go to: https://www.extremecraft.net/vote/ *click*
[18:11:05] [Render thread/INFO]: [System] [CHAT] 
[18:11:05] [Render thread/INFO]: [System] [CHAT] [64x Shard Box V] listed on AH for $5,000,000.00
[18:11:06] [Render thread/INFO]: [System] [CHAT] [★✦][Citizen] Xolegb » weibou i would have killed u if Wraithmark didnt stop
[18:11:09] [Render thread/INFO]: [System] [CHAT] cyke3621 joined the game
[18:11:13] [Render thread/INFO]: [System] [CHAT] [★✦][Citizen] Xolegb » u also have my stuff
[18:11:18] [Render thread/INFO]: [System] [CHAT] aswe124 joined the game
[18:11:19] [Render thread/INFO]: [System] [CHAT] [✦][Pro] DARK_SHADOWX » ForestZ see u we wont fight we are frnd
[18:11:19] [Render thread/INFO]: [System] [CHAT] [❤][✦][MVP] Wraithmark » Xolegb csnt with anvil
[18:11:20] [Render thread/INFO]: [System] [CHAT] DARK_SHADOWX left the game
[18:11:22] [Render thread/INFO]: [System] [CHAT] [❤][Member] weibou » pvp 1v1
[18:11:29] [Render thread/INFO]: [System] [CHAT] aswe124 left the game
[18:11:30] [Render thread/INFO]: [System] [CHAT] aLiAbIdI left the game
[18:11:30] [Render thread/INFO]: [System] [CHAT] [Member] ForestZ » dark_shadowx wait u tricked me
[18:11:32] [Render thread/INFO]: [System] [CHAT] [★✦][Citizen] Xolegb » weibou gimme back my stuff
[18:11:33] [Render thread/INFO]: [System] [CHAT] [❤][✦][MVP] Wraithmark » DARK_SHADOWX yk how to combine with shield
[18:11:35] [Render thread/INFO]: [System] [CHAT] aswe124 joined the game
[18:11:40] [Render thread/INFO]: [System] [CHAT] UnLuckyKannaya left the game
[18:11:41] [Render thread/INFO]: [System] [CHAT] [❤][Member] weibou » ok
[18:11:45] [Render thread/INFO]: [System] [CHAT] aswe124 left the game
[18:11:53] [Render thread/INFO]: [System] [CHAT] [❤][✦][MVP] Wraithmark » Xolegb cant do with anvil
[18:11:54] [Render thread/INFO]: [System] [CHAT] aLiAbIdI joined the game
[18:11:59] [Render thread/INFO]: [System] [CHAT] [Member] ForestZ » making ur own custom banner
[18:12:00] [Render thread/INFO]: [System] [CHAT] [★✦][Citizen] Xolegb » show me
[18:12:09] [Render thread/INFO]: [System] [CHAT] Remrem00 joined the game
[18:12:10] [Render thread/INFO]: [System] [CHAT] aLiAbIdI has requested to teleport to you, type /tpyes to accept or /tpno to deny teleport request. This request will expire after 120 seconds. 
[18:12:11] [Render thread/INFO]: [System] [CHAT] [★✦][Citizen] Xolegb » .
[18:12:20] [Render thread/INFO]: [System] [CHAT] [❤][✦][MVP] Wraithmark » ForestZ i have custon banner how can i combine with shield
[18:12:21] [Render thread/INFO]: [System] [CHAT] Teleportation will commence in 3 seconds.
[18:12:22] [Render thread/INFO]: [System] [CHAT] TractorsRullz left the game
[18:12:24] [Render thread/INFO]: [System] [CHAT] Attempting to teleport aLiAbIdI to you!
[18:12:29] [Render thread/INFO]: [System] [CHAT] Mining increased to 31.
[18:12:39] [Render thread/INFO]: [System] [CHAT] [Member] ForestZ » ofc i can make an extra for and extra 5k
[18:12:42] [Render thread/INFO]: [System] [CHAT] [❤][☆✦][TheFallen] LordZetana » where u going Jojo_123
[18:12:43] [Render thread/INFO]: [System] [CHAT] [❤][☆✦][TheFallen] LordZetana » ;-;
[18:12:45] [Render thread/INFO]: [System] [CHAT] [Member] VoidViper » the guy youre trynna tp lill
[18:12:48] [Render thread/INFO]: [System] [CHAT] LimpyBizkit joined the game
[18:12:49] [Render thread/INFO]: [System] [CHAT] * ColdString is no longer AFK.
[18:12:49] [Render thread/INFO]: [System] [CHAT] ColdString left the game
[18:12:49] [Render thread/INFO]: [System] [CHAT] Xolegb was slain by weibou using [[Event] Sword]
[18:12:51] [Render thread/INFO]: [System] [CHAT] Revive left the game
[18:12:54] [Render thread/INFO]: [System] [CHAT] [❤][☆✦][TheFallen] LordZetana » VoidViper who, lets jump him
[18:13:09] [Render thread/INFO]: [System] [CHAT] [Member] Jojo_123 » idk i think you are tring to kill me
[18:13:11] [Render thread/INFO]: [System] [CHAT] [★✦][Citizen] Xolegb » Wraithmark she killed me again and u saying let him frww
[18:13:14] [Render thread/INFO]: [System] [CHAT] [Member] VoidViper » its usageur9
[18:13:16] [Render thread/INFO]: [System] [CHAT] [Member] ForestZ » Wraithmark so what do u want for ur banner
[18:13:18] [Render thread/INFO]: [System] [CHAT] [★✦][Citizen] Xolegb » her
[18:13:22] [Render thread/INFO]: [System] [CHAT] TractorsRullz joined the game
[18:13:27] [Render thread/INFO]: [System] [CHAT] [★✦][Citizen] Xolegb » ?
[18:13:30] [Render thread/INFO]: [System] [CHAT] [❤][✦][MVP] Wraithmark » ForestZ i have alreadt
[18:13:31] [Render thread/INFO]: [System] [CHAT] [Member] Usageur9 » VoidViper who tf u talking to
[18:13:32] [Render thread/INFO]: [System] [CHAT] [Shop] » You just bought 1x Oak Log for $763.91.
[18:13:33] [Render thread/INFO]: [System] [CHAT] [Shop] » You just bought 1x Oak Log for $764.29.
[18:13:36] [Render thread/INFO]: [System] [CHAT] [★✦][Citizen] Xolegb » bruh
[18:13:41] [Render thread/INFO]: [System] [CHAT] Xolegb was smashed by weibou with [GAMBIT )_(]
[18:13:44] [Render thread/INFO]: [System] [CHAT] [Member] ForestZ » u asked me for a banner bruv
[18:13:46] [Render thread/INFO]: [System] [CHAT] [❤][✦][MVP] Wraithmark » ForestZ i wanna make it combine with shield
[18:13:49] [Render thread/INFO]: [System] [CHAT] [❤][Member] weibou » wwww
[18:13:53] [Render thread/INFO]: [System] [CHAT] [Member] ForestZ » alr
[18:13:58] [Render thread/INFO]: [System] [CHAT] [Member] ForestZ » so what do u want it to be
[18:14:02] [Render thread/INFO]: [System] [CHAT] [Member] Usageur9 » weibou nice mace
[18:14:06] [Render thread/INFO]: [System] [CHAT]             Player Ad by LordZetana            
[18:14:06] [Render thread/INFO]: [System] [CHAT]  » Hiring Builders /mail send LordZetana or /mail send veonicks if ur interested
[18:14:06] [Render thread/INFO]: [System] [CHAT]                                                             
[18:14:12] [Render thread/INFO]: [System] [CHAT] [Member] Usageur9 » nice girl
[18:14:14] [Render thread/INFO]: [System] [CHAT] LimpyBizkit left the game
[18:14:15] [Render thread/INFO]: [System] [CHAT] [❤][☆✦][TheFallen] LordZetana » Jojo_123 can u fight?
[18:14:36] [Render thread/INFO]: [System] [CHAT] [Member] Jojo_123 » wait
[18:14:37] [Render thread/INFO]: [System] [CHAT] saompro7 joined the game
[18:14:45] [Render thread/INFO]: [System] [CHAT] [★✦][Citizen] Xolegb » Wraithmark u might regret that decision
[18:14:48] [Render thread/INFO]: [System] [CHAT] [❤][☆✦][TheFallen] LordZetana » Jojo_123 turn on dms
[18:14:54] [Render thread/INFO]: [System] [CHAT] veonicks joined the game
[18:14:55] [Render thread/INFO]: [System] [CHAT] Xolegb burned to death
[18:15:09] [Render thread/INFO]: [System] [CHAT] [Voter] veonicks » LordZetana yo
[18:15:10] [Render thread/INFO]: [System] [CHAT] [Member] ForestZ » Wraithmark do u just want a random banner or what bro
[18:15:14] [Render thread/INFO]: [System] [CHAT] [Member] Usageur9 » when will zah1 joinnn
[18:15:17] [Render thread/INFO]: [System] [CHAT] whiskeyjackitup left the game
[18:15:25] [Render thread/INFO]: [System] [CHAT] [❤][☆✦][TheFallen] LordZetana » veonicks D: came at wrong time, im gonabe offline soon
[18:15:28] [Render thread/INFO]: [System] [CHAT] cantfeelmyface joined the game
[18:15:29] [Render thread/INFO]: [System] [CHAT] VoidViper was slain by Usageur9 using [[NexusKit] Axe]
[18:15:34] [Render thread/INFO]: [System] [CHAT] [Voter] veonicks » LordZetana ufff
[18:15:37] [Render thread/INFO]: [System] [CHAT] [❤][☆✦][TheFallen] LordZetana » Jojo_123 is dms on?
[18:15:38] [Render thread/INFO]: [System] [CHAT] [Voter] veonicks » got any mails ?
[18:15:39] [Render thread/INFO]: [System] [CHAT] kelvin816 joined the game
[18:15:41] [Render thread/INFO]: [System] [CHAT] Herbalism increased to 1.
[18:15:41] [Render thread/INFO]: [System] [CHAT] [ mcMMO @Double Drops Rank 1 Unlocked! ]
[18:15:41] [Render thread/INFO]: [System] [CHAT] [Voter] veonicks » i got 3
[18:15:43] [Render thread/INFO]: [System] [CHAT] [Member] Jojo_123 » yes
[18:15:55] [Render thread/INFO]: [System] [CHAT] [❤][☆✦][TheFallen] LordZetana » Jojo_123 /togglepriv
[18:15:58] [Render thread/INFO]: [System] [CHAT] [❤][Voter] SswansS » LordZetana
[18:16:02] [Render thread/INFO]: [System] [CHAT] VoidViper left the game
[18:16:05] [Render thread/INFO]: [System] [CHAT] [❤][☆✦][TheFallen] LordZetana » SswansS yeahhh <3 ?
[18:16:10] [Render thread/INFO]: [System] [CHAT] VoidViper joined the game
[18:16:12] [Render thread/INFO]: [System] [CHAT] [❤][✦][MVP] Wraithmark » weibou whats wrong with you
[18:16:16] [Render thread/INFO]: [System] [CHAT] [Member] vyom » gtg
[18:16:21] [Render thread/INFO]: [System] [CHAT] vyom left the game
[18:16:32] [Render thread/INFO]: [System] [CHAT] Alisonn joined the game
[18:16:34] [Render thread/INFO]: [System] [CHAT] SHADOW_MT joined the game
[18:16:34] [Render thread/INFO]: [System] [CHAT] Alisonn left the game
[18:16:37] [Render thread/INFO]: [System] [CHAT] VoidViper left the game
[18:16:44] [Render thread/INFO]: [System] [CHAT] VoidViper joined the game
[18:16:45] [Render thread/INFO]: [System] [CHAT] Mining increased to 32.
[18:16:52] [Render thread/INFO]: [System] [CHAT] Wraithmark left the game
[18:17:03] [Render thread/INFO]: [System] [CHAT] [Voter] veonicks » LordZetana u aiont playing on survival reset?
[18:17:09] [Render thread/INFO]: [System] [CHAT] [Member] Usageur9 » who wanna see me kill zah1 until he joindss
[18:17:10] [Render thread/INFO]: [System] [CHAT] tarlisdu joined the game
[18:17:11] [Render thread/INFO]: [System] [CHAT] VoidViper left the game
[18:17:12] [Render thread/INFO]: [System] [CHAT] hassan2015gg joined the game
[18:17:14] [Render thread/INFO]: [System] [CHAT] [❤][☆✦][TheFallen] LordZetana » XD nah veonicks I got an empire to build
[18:17:15] [Render thread/INFO]: [System] [CHAT] Zorvyn joined :O
[18:17:16] [Render thread/INFO]: [System] [CHAT] [❤][☆✦][TheFallen] LordZetana » after that
[18:17:18] [Render thread/INFO]: [System] [CHAT] [❤][☆✦][TheFallen] LordZetana » then yeah
[18:17:26] [Render thread/INFO]: [System] [CHAT] Goodbye Zorvyn...
[18:17:32] [Render thread/INFO]: [System] [CHAT] MOLITOVEC joined the game
[18:17:34] [Render thread/INFO]: [System] [CHAT] VoidViper joined the game
[18:17:44] [Render thread/INFO]: [System] [CHAT] saompro7 left the game
[18:17:47] [Render thread/INFO]: [System] [CHAT] RejoicE joined the game
[18:17:48] [Render thread/INFO]: [System] [CHAT] cantfeelmyface left the game
[18:17:48] [Render thread/INFO]: [System] [CHAT] hassan2015gg left the game
[18:17:50] [Render thread/INFO]: [System] [CHAT] [❤][☆✦][TheFallen] LordZetana » HNN
[18:17:52] [Render thread/INFO]: [System] [CHAT] [❤][☆✦][TheFallen] LordZetana » ight
[18:17:53] [Render thread/INFO]: [System] [CHAT] Njt1611 joined the game
[18:17:56] [Render thread/INFO]: [System] [CHAT] SHADOW_MT left the game
[18:17:57] [Render thread/INFO]: [System] [CHAT] [★✦][Citizen] Xolegb » MOLITOVEC yoo
[18:17:58] [Render thread/INFO]: [System] [CHAT] weibou left the game
[18:18:05] [Render thread/INFO]: [System] [CHAT] Teleportation will commence in 3 seconds, don't move.
[18:18:06] [Render thread/INFO]: [System] [CHAT] [❤][☆✦][TheFallen] LordZetana » veonicks Jojo_123 /rtp if ur at negative negative coords tpa me
[18:18:08] [Render thread/INFO]: [System] [CHAT] [Member] Usageur9 » VoidViper u be joining and leaving
[18:18:08] [Render thread/INFO]: [System] [CHAT] Teleporting...
[18:18:10] [Render thread/INFO]: [System] [CHAT] [❤][☆][Member] MOLITOVEC » yo?
[18:18:13] [Render thread/INFO]: [System] [CHAT] VoidViper was slain by Usageur9 using [[NexusKit] Axe]
[18:18:16] [Render thread/INFO]: [System] [CHAT] RejoicE left the game
[18:18:17] [Render thread/INFO]: [System] [CHAT] [❤][☆][Member] MOLITOVEC » sup Xolegb
[18:18:19] [Render thread/INFO]: [System] [CHAT] Yeah_Saurin joined the game
[18:18:19] [Render thread/INFO]: [System] [CHAT] [Member] emax » can i have a ligther
[18:18:20] [Render thread/INFO]: [System] [CHAT] [❤][☆][Member] MOLITOVEC » Hello LordZetana
[18:18:21] [Render thread/INFO]: [System] [CHAT] Request sent to aLiAbIdI. Beware PvP is enabled at destination location.
[18:18:22] [Render thread/INFO]: [System] [CHAT] [Member] VoidViper » bro stop tp killing me
[18:18:22] [Render thread/INFO]: [System] [CHAT] RejoicE joined the game
[18:18:24] [Render thread/INFO]: [System] [CHAT] [❤][☆✦][TheFallen] LordZetana » hii MOLITOVEC
[18:18:25] [Render thread/INFO]: [System] [CHAT] [★✦][Citizen] Xolegb » wsp
[18:18:29] [Render thread/INFO]: [System] [CHAT] Teleportation will commence in 3 seconds, don't move.
[18:18:30] [Render thread/INFO]: [System] [CHAT] [❤][☆][Member] MOLITOVEC » where my bestiee FL4MBUU
[18:18:32] [Render thread/INFO]: [System] [CHAT] [Voter] veonicks » LordZetana negative postive =(
[18:18:32] [Render thread/INFO]: [System] [CHAT] Attempting to teleport...
[18:18:32] [Render thread/INFO]: [System] [CHAT] Teleporting...
[18:18:34] [Render thread/INFO]: [System] [CHAT] [Member] tarlisdu » op
[18:18:36] [Render thread/INFO]: [System] [CHAT] [Member] Usageur9 » VoidViper that is not a tp kill u did /back
[18:18:38] [Render thread/INFO]: [System] [CHAT] [❤][☆✦][TheFallen] LordZetana » Jojo_123 ? what u get
[18:18:46] [Render thread/INFO]: [System] [CHAT] [Member] VoidViper » yea but i was naked
[18:18:48] [Render thread/INFO]: [System] [CHAT] [Member] Jojo_123 » nothing
[18:18:54] [Render thread/INFO]: [System] [CHAT] TractorsRullz left the game
[18:18:55] [Render thread/INFO]: [System] [CHAT] [Member] VoidViper » just gimme my stuff
[18:18:59] [Render thread/INFO]: [System] [CHAT] TractorsRullz joined the game
[18:19:05] [Render thread/INFO]: [System] [CHAT]  » Make sure you've checked out the rules:
[18:19:05] [Render thread/INFO]: [System] [CHAT]  » https://www.extremecraft.net/page/rules/
[18:19:05] [Render thread/INFO]: [System] [CHAT] 
[18:19:05] [Render thread/INFO]: [System] [CHAT]  || Vote for us and get Vote Keys every day!
[18:19:05] [Render thread/INFO]: [System] [CHAT]  || Go to: https://www.extremecraft.net/vote/ *click*
[18:19:05] [Render thread/INFO]: [System] [CHAT] 
[18:19:06] [Render thread/INFO]: [System] [CHAT]            Player Ad by zyadplays61           
[18:19:06] [Render thread/INFO]: [System] [CHAT]  » buying orecollector or pick a boo for 40mil bal. /msg me(if im online) or /mail me zyadplays61
[18:19:06] [Render thread/INFO]: [System] [CHAT]                                                             
[18:19:15] [Render thread/INFO]: [System] [CHAT] DARK_SHADOWX joined the game
[18:19:15] [Render thread/INFO]: [System] [CHAT] [Member] Usageur9 » thats not a tp kill u gotta tp to me and i kill u instantly for it to be a tpkill
[18:19:16] [Render thread/INFO]: [System] [CHAT] [Member] Jojo_123 » come pvp
[18:19:26] [Render thread/INFO]: [System] [CHAT] TrakPad left the game
[18:19:35] [Render thread/INFO]: [System] [CHAT] [Achievements] » You completed Travelling I (Swimming)!
[18:19:35] [Render thread/INFO]: [System] [CHAT] [Achievements] » You received 3 Tokens & 3 BattlePass XP
[18:19:37] [Render thread/INFO]: [System] [CHAT] [Member] Usageur9 » when will he joinss
[18:19:45] [Render thread/INFO]: [System] [CHAT] MOLITOVEC left the game
[18:19:50] [Render thread/INFO]: [System] [CHAT] tarlisdu fell from a high place
[18:19:59] [Render thread/INFO]: [System] [CHAT] [Member] Usageur9 » who got killed by zah1
[18:20:01] [Render thread/INFO]: [System] [CHAT]                        BurnMoney                       
[18:20:01] [Render thread/INFO]: [System] [CHAT]  » Burn your riches with /burnmoney <amount> to show the world you have too much. Broadcasts a dramatic flex and fireworks — no reward, just ego.
[18:20:01] [Render thread/INFO]: [System] [CHAT]                                                             
[18:20:06] [Render thread/INFO]: [System] [CHAT] VinCoX joined the game
[18:20:11] [Render thread/INFO]: [System] [CHAT] [✦][Supporter] VinCoX » trading vote keyss for skyb
[18:20:15] [Render thread/INFO]: [System] [CHAT] X0r_Offical left the game
[18:20:19] [Render thread/INFO]: [System] [CHAT] DARK_SHADOWX left the game
[18:20:21] [Render thread/INFO]: [System] [CHAT] VoidViper was slain by Usageur9 using [[Phantom] Sword]
[18:20:38] [Render thread/INFO]: [System] [CHAT] DARK_SHADOWX joined the game
[18:20:39] [Render thread/INFO]: [System] [CHAT] Xolegb left the game
[18:20:56] [Render thread/INFO]: [System] [CHAT] [✦][Pro] DARK_SHADOWX » VinCoX u need vkeys in skyblock?
[18:20:58] [Render thread/INFO]: [System] [CHAT] TractorsRullz left the game
[18:20:58] [Render thread/INFO]: [System] [CHAT] TractorsRullz was shot by gun_done using [[LegendKit] Bow]
[18:21:05] [Render thread/INFO]: [System] [CHAT] [Member] VoidViper » gimme my stuff please bro ill give anything
[18:21:05] [Render thread/INFO]: [System] [CHAT] [✦][Supporter] VinCoX » yeabroo
[18:21:09] [Render thread/INFO]: [System] [CHAT] [✦][Supporter] VinCoX » u got sm?
[18:21:13] [Render thread/INFO]: [System] [CHAT] TractorsRullz joined the game
[18:21:14] [Render thread/INFO]: [System] [CHAT] [✦][Pro] DARK_SHADOWX » VinCoX i have 22
[18:21:14] [Render thread/INFO]: [System] [CHAT] [Member] emax » wtf
[18:21:16] [Render thread/INFO]: [System] [CHAT] [Member] tarlisdu » sos
[18:21:19] [Render thread/INFO]: [System] [CHAT] [✦][Supporter] VinCoX » for where?
[18:21:20] [Render thread/INFO]: [System] [CHAT] [✦][Supporter] VinCoX » here?
[18:21:22] [Render thread/INFO]: [System] [CHAT] [Member] emax » boi
[18:21:28] [Render thread/INFO]: [System] [CHAT] BloxminE_YT joined the game
[18:21:33] [Render thread/INFO]: [System] [CHAT] [Member] Usageur9 » void do /pay Usageur9 8777
[18:21:41] [Render thread/INFO]: [System] [CHAT] [Member] VoidViper » everyone usageur9 is tp killer
[18:21:42] [Render thread/INFO]: [System] [CHAT] [✦][Pro] DARK_SHADOWX » VinCoX i have 22 in skyblock ill give u there give me here
[18:21:47] [Render thread/INFO]: [System] [CHAT] [✦][Supporter] VinCoX » aightt
[18:21:48] [Render thread/INFO]: [System] [CHAT] [✦][Supporter] VinCoX » spawn
[18:21:53] [Render thread/INFO]: [System] [CHAT] [Member] Usageur9 » VoidViper thats not called a tp kill bro
[18:21:59] [Render thread/INFO]: [System] [CHAT] [Member] Usageur9 » i never do that OwO
[18:22:04] [Render thread/INFO]: [System] [CHAT] [Member] VoidViper » still just gimme my stuff
[18:22:05] [Render thread/INFO]: [System] [CHAT] [Member] Usageur9 » thats nasty
[18:22:10] [Render thread/INFO]: [System] [CHAT] BloxminE_YT left the game
[18:22:12] [Render thread/INFO]: [System] [CHAT] [Member] Usageur9 » noo
[18:22:13] [Render thread/INFO]: [System] [CHAT] No1_Fallen joined the game
[18:22:15] [Render thread/INFO]: [System] [CHAT] [Member] Usageur9 » u asked to pvp
[18:22:17] [Render thread/INFO]: [System] [CHAT] [Member] Usageur9 » so i pvp
[18:22:21] [Render thread/INFO]: [System] [CHAT] [Member] Usageur9 » and got ur stuff
[18:22:23] [Render thread/INFO]: [System] [CHAT] [✦][Supporter] VinCoX » alr go
[18:22:25] [Render thread/INFO]: [System] [CHAT] [Member] VoidViper » and i also said gimme stuff after
[18:22:25] [Render thread/INFO]: [System] [CHAT] DARK_SHADOWX left the game
[18:22:26] [Render thread/INFO]: [System] [CHAT] VinCoX left the game
[18:22:29] [Render thread/INFO]: [System] [CHAT] [Member] Usageur9 » thats how it works
[18:22:37] [Render thread/INFO]: [System] [CHAT] thepeacemaker_1 joined the game
[18:22:37] [Render thread/INFO]: [System] [CHAT] [Member] Usageur9 » no
[18:22:42] [Render thread/INFO]: [System] [CHAT] [Member] Usageur9 » u did no
[18:22:43] [Render thread/INFO]: [System] [CHAT] Herbalism increased to 2.
[18:22:43] [Render thread/INFO]: [System] [CHAT] [Member] emax » yio
[18:22:43] [Render thread/INFO]: [System] [CHAT] sanguuee left the game
[18:22:44] [Render thread/INFO]: [System] [CHAT] [[Vote Key]] listed on AH for $200,000.00
[18:22:44] [Render thread/INFO]: [System] [CHAT] [Member] Usageur9 » not
[18:22:45] [Render thread/INFO]: [System] [CHAT] [Member] emax » to
[18:22:49] [Render thread/INFO]: [System] [CHAT] [Member] emax » yo
[18:22:53] [Render thread/INFO]: [System] [CHAT] [[Vote Key]] listed on AH for $200,000.00
[18:22:55] [Render thread/INFO]: [System] [CHAT] [Member] Usageur9 » LordZetana wtf u doing there
[18:22:59] [Render thread/INFO]: [System] [CHAT] [[Vote Key]] listed on AH for $200,000.00
[18:23:00] [Render thread/INFO]: [System] [CHAT] [Member] emax » i need ligther
[18:23:03] [Render thread/INFO]: [System] [CHAT] No1_Fallen left the game
[18:23:03] [Render thread/INFO]: [System] [CHAT] [❤][☆✦][TheFallen] LordZetana » Usageur9 to save VoidViper
[18:23:04] [Render thread/INFO]: [System] [CHAT] TractorsRullz left the game
[18:23:04] [Render thread/INFO]: [System] [CHAT] hollow64536 left the game
[18:23:05] [Render thread/INFO]: [System] [CHAT] [❤][☆✦][TheFallen] LordZetana » yoo
[18:23:07] [Render thread/INFO]: [System] [CHAT] [❤][☆✦][TheFallen] LordZetana » Yo waimo
[18:23:08] [Render thread/INFO]: [System] [CHAT] [BurnMoney] » Minimum amount is $1,000,000.00
[18:23:08] [Render thread/INFO]: [System] [CHAT] [❤][☆✦][TheFallen] LordZetana » <3
[18:23:17] [Render thread/INFO]: [System] [CHAT] [Member] Usageur9 » LordZetana btw zah1 gonna die here idc if he ur friend
[18:23:17] [Render thread/INFO]: [System] [CHAT] DARK_SHADOWX joined the game
[18:23:24] [Render thread/INFO]: [System] [CHAT] hollow64536 joined the game
[18:23:25] [Render thread/INFO]: [System] [CHAT] [Member] emax » i need
[18:23:25] [Render thread/INFO]: [System] [CHAT] [❤][☆✦][TheFallen] LordZetana » Who's Zah1? Usageur9
[18:23:33] [Render thread/INFO]: [System] [CHAT] [Member] Usageur9 » LordZetana a tp killer
[18:23:38] [Render thread/INFO]: [System] [CHAT] [✦][Pro] DARK_SHADOWX » LordZetana ik him
[18:23:39] [Render thread/INFO]: [System] [CHAT] [Member] VoidViper » the ghy ne is trynna tp kill
[18:23:41] [Render thread/INFO]: [System] [CHAT] [Member] Usageur9 » LordZetana don't tp to VoidViper
[18:23:50] [Render thread/INFO]: [System] [CHAT] Jemilo17 joined the game
[18:23:51] [Render thread/INFO]: [System] [CHAT] [Member] tarlisdu » algem ne ajudaaaa
[18:23:51] [Render thread/INFO]: [System] [CHAT] [Voter] veonicks » Usageur9 why do u got void there....
[18:23:53] [Render thread/INFO]: [System] [CHAT] [Member] VoidViper » im trapped bro
[18:23:53] [Render thread/INFO]: [System] [CHAT] [Elytra] listed on AH for $120,000.00
[18:23:55] [Render thread/INFO]: [System] [CHAT] [Member] tarlisdu » helppppp
[18:23:56] [Render thread/INFO]: [System] [CHAT] [Member] Usageur9 » thats not weeb tp killing omg animals
[18:24:05] [Render thread/INFO]: [System] [CHAT] [Member] Usageur9 » he asked to pvp
[18:24:06] [Render thread/INFO]: [System] [CHAT]               Player Ad by Dumbeeb              
[18:24:06] [Render thread/INFO]: [System] [CHAT]  » Sell vote keys for 185k each! limited time price at /pwarp v Raise
[18:24:06] [Render thread/INFO]: [System] [CHAT]                                                             
[18:24:08] [Render thread/INFO]: [System] [CHAT] Wraithmark joined the game
[18:24:16] [Render thread/INFO]: [System] [CHAT] Remrem00 left the game
[18:24:16] [Render thread/INFO]: [System] [CHAT] PROONER joined the game
[18:24:19] [Render thread/INFO]: [System] [CHAT] [Member] VoidViper » and u stole my shredded armor and sword plus gaps
[18:24:23] [Render thread/INFO]: [System] [CHAT] Jemilo17 left the game
[18:24:34] [Render thread/INFO]: [System] [CHAT] * daxboah is no longer AFK.
[18:24:51] [Render thread/INFO]: [System] [CHAT] Mining increased to 33.
[18:24:54] [Render thread/INFO]: [System] [CHAT] [Member] ForestZ » who wants a custom banner
[18:24:57] [Render thread/INFO]: [System] [CHAT] Remrem00 joined the game
[18:25:01] [Render thread/INFO]: [System] [CHAT] zyadplays61 joined the game
[18:25:01] [Render thread/INFO]: [System] [CHAT] [Member] Usageur9 » veonicks don't tp to VoidViper
[18:25:08] [Render thread/INFO]: [System] [CHAT] [Member] emax » i need an enchant on this
[18:25:13] [Render thread/INFO]: [System] [CHAT] zyadplays61 left the game
[18:25:15] [Render thread/INFO]: [System] [CHAT] [Member] Usageur9 » pls
[18:25:17] [Render thread/INFO]: [System] [CHAT] [✦][Pro] DARK_SHADOWX » Dumbeeb see vkeys
[18:25:22] [Render thread/INFO]: [System] [CHAT] PROONER left the game
[18:25:24] [Render thread/INFO]: [System] [CHAT] [❤][Voter] Dumbeeb » DARK_SHADOWX ty ty :>
[18:25:28] [Render thread/INFO]: [System] [CHAT] [✦][Pro] DARK_SHADOWX » Dumbeeb np
[18:25:29] [Render thread/INFO]: [System] [CHAT] VoidViper was slain by Usageur9 using [[Phantom] Sword]
[18:25:34] [Render thread/INFO]: [System] [CHAT] hollow64536 left the game
[18:25:35] [Render thread/INFO]: [System] [CHAT] Alt2 joined the game
[18:25:36] [Render thread/INFO]: [System] [CHAT] [❤][✦][MVP] Wraithmark » DARK_SHADOWX you can combine it with shield?
[18:25:38] [Render thread/INFO]: [System] [CHAT] [Member] emax » whatever you want
[18:25:40] [Render thread/INFO]: [System] [CHAT] [Member] VoidViper » bro why
[18:25:41] [Render thread/INFO]: [System] [CHAT] [Member] ForestZ » DARK_SHADOWX tp to me
[18:25:41] [Render thread/INFO]: [System] [CHAT] [Member] Usageur9 » hi
[18:25:48] [Render thread/INFO]: [System] [CHAT]                        BossFight                       
[18:25:48] [Render thread/INFO]: [System] [CHAT]  » Herobrine is being summoned at /warp bossfight
[18:25:48] [Render thread/INFO]: [System] [CHAT]  » Kill it to receive a special reward!
[18:25:48] [Render thread/INFO]: [System] [CHAT]  » Bosses despawn after 15 minutes of no interaction!
[18:25:48] [Render thread/INFO]: [System] [CHAT]                                                             
[18:25:50] [Render thread/INFO]: [System] [CHAT] [✦][Pro] DARK_SHADOWX » Wraithmark giev me
[18:25:51] [Render thread/INFO]: [System] [CHAT] cyke3621 fell from a high place
[18:25:52] [Render thread/INFO]: [System] [CHAT] [Member] emax » no
[18:25:57] [Render thread/INFO]: [System] [CHAT] [❤][✦][MVP] Wraithmark » DARK_SHADOWX what?
[18:25:57] [Render thread/INFO]: [System] [CHAT] [Citizen] ed8tor » then ?
[18:26:00] [Render thread/INFO]: [System] [CHAT] [✦][Pro] DARK_SHADOWX » ForestZ w8
[18:26:03] [Render thread/INFO]: [System] [CHAT] cyke3621 left the game
[18:26:04] [Render thread/INFO]: [System] [CHAT] [Member] emax » i need enchant plsss
[18:26:07] [Render thread/INFO]: [System] [CHAT] [Member] ForestZ » DARK_SHADOWX btw bring ur best banner
[18:26:13] [Render thread/INFO]: [System] [CHAT] You cannot set more than 1 home(s).
[18:26:16] [Render thread/INFO]: [System] [CHAT] You cannot set more than 1 home(s).
[18:26:18] [Render thread/INFO]: [System] [CHAT] [❤][☆✦][TheFallen] LordZetana » VoidViper is the trouble over?'
[18:26:19] [Render thread/INFO]: [System] [CHAT] Home home set to current location.
[18:26:22] [Render thread/INFO]: [System] [CHAT] [Member] VoidViper » nope
[18:26:27] [Render thread/INFO]: [System] [CHAT] [✦][Voter] Alt2 » Njt1611 1v1
[18:26:27] [Render thread/INFO]: [System] [CHAT] Trickstersl was slain by Herobrine
[18:26:33] [Render thread/INFO]: [System] [CHAT] [Member] emax » it was like strength smth
[18:26:36] [Render thread/INFO]: [System] [CHAT] [Voter] veonicks » VoidViper wya?
[18:26:37] [Render thread/INFO]: [System] [CHAT] Usageur9 left the game
[18:26:38] [Render thread/INFO]: [System] [CHAT] [✦][Pro] DARK_SHADOWX » ForestZ bro w8
[18:26:40] [Render thread/INFO]: [System] [CHAT] [✦][Member] Njt1611 » Alt2 death or totem?
[18:26:43] [Render thread/INFO]: [System] [CHAT] [✦][Voter] Alt2 » Njt1611 totem
[18:26:46] [Render thread/INFO]: [System] [CHAT] [✦][Member] Njt1611 » ok
[18:26:47] [Render thread/INFO]: [System] [CHAT] [Member] ForestZ » ForestZ alr
[18:26:47] [Render thread/INFO]: [System] [CHAT] Usageur9 joined the game
[18:26:48] [Render thread/INFO]: [System] [CHAT] [❤][☆✦][TheFallen] LordZetana » whoops
[18:26:49] [Render thread/INFO]: [System] [CHAT] [❤][☆✦][TheFallen] LordZetana » XD
[18:26:52] [Render thread/INFO]: [System] [CHAT] [Voter] veonicks » woah
[18:26:53] [Render thread/INFO]: [System] [CHAT] [Member] ForestZ » DARK_SHADOWX alr
[18:26:53] [Render thread/INFO]: [System] [CHAT] Warping to bossfight.
[18:26:53] [Render thread/INFO]: [System] [CHAT] Teleportation will commence in 3 seconds, don't move.
[18:26:54] [Render thread/INFO]: [System] [CHAT] [Voter] veonicks » so far
[18:26:54] [Render thread/INFO]: [System] [CHAT] [✦][Voter] Alt2 » come
[18:26:56] [Render thread/INFO]: [System] [CHAT] Teleporting...
[18:26:57] [Render thread/INFO]: [System] [CHAT] [Bounties] » There are currently 1 active bounties, check them at /bounty list
[18:26:57] [Render thread/INFO]: [System] [CHAT] [Bounties] » There are currently 1 active bounties, check them at /bounty list
[18:26:58] [Render thread/INFO]: [System] [CHAT] unstableguy72 joined the game
[18:26:59] [Render thread/INFO]: [System] [CHAT] NorbPlaysMC left the game
[18:26:59] [Render thread/INFO]: [System] [CHAT] Gliding is disabled here.
[18:27:02] [Render thread/INFO]: [System] [CHAT] [Member] emax » ty
[18:27:02] [Render thread/INFO]: [System] [CHAT] soksormagming joined the game
[18:27:04] [Render thread/INFO]: [System] [CHAT] unstableguy72 left the game
[18:27:05] [Render thread/INFO]: [System] [CHAT] 
[18:27:05] [Render thread/INFO]: [System] [CHAT]  || Vote for us and get Vote Keys every day!
[18:27:05] [Render thread/INFO]: [System] [CHAT]  || Go to: https://www.extremecraft.net/vote/ *click*
[18:27:05] [Render thread/INFO]: [System] [CHAT] 
[18:27:08] [Render thread/INFO]: [System] [CHAT] ed8tor left the game
[18:27:11] [Render thread/INFO]: [System] [CHAT] MOLITOVEC joined the game
[18:27:32] [Render thread/INFO]: [System] [CHAT] [Shop] » You just bought 1x Golden Apple for 40.00 Shards.
[18:27:32] [Render thread/INFO]: [System] [CHAT] [Shop] » You just bought 1x Golden Apple for 40.00 Shards.
[18:27:32] [Render thread/INFO]: [System] [CHAT] [Shop] » You just bought 1x Golden Apple for 40.00 Shards.
[18:27:33] [Render thread/INFO]: [System] [CHAT] [Shop] » You just bought 1x Golden Apple for 40.00 Shards.
[18:27:33] [Render thread/INFO]: [System] [CHAT] [Shop] » You just bought 1x Golden Apple for 40.00 Shards.
[18:27:33] [Render thread/INFO]: [System] [CHAT] [Shop] » You just bought 1x Golden Apple for 40.00 Shards.
[18:27:34] [Render thread/INFO]: [System] [CHAT] [Shop] » You just bought 1x Golden Apple for 40.00 Shards.
[18:27:34] [Render thread/INFO]: [System] [CHAT] [Shop] » You just bought 1x Golden Apple for 40.00 Shards.
[18:27:34] [Render thread/INFO]: [System] [CHAT] [Shop] » You just bought 1x Golden Apple for 40.00 Shards.
[18:27:34] [Render thread/INFO]: [System] [CHAT] [Shop] » You just bought 1x Golden Apple for 40.00 Shards.
[18:27:44] [Render thread/INFO]: [System] [CHAT] [✦][Pro] DARK_SHADOWX » Wraithmark
[18:27:47] [Render thread/INFO]: [System] [CHAT] [❤][✦][MVP] Wraithmark » ?
[18:27:49] [Render thread/INFO]: [System] [CHAT] Njt1611 was smashed by Alt2 with [[BossHunter] Mace]
[18:27:51] [Render thread/INFO]: [System] [CHAT] [✦][Voter] Alt2 » ggs
[18:27:58] [Render thread/INFO]: [System] [CHAT] [✦][Pro] DARK_SHADOWX » Wraithmark then u have to add enchants again
[18:28:04] [Render thread/INFO]: [System] [CHAT] [❤][✦][MVP] Wraithmark » alr
[18:28:04] [Render thread/INFO]: [System] [CHAT] [✦][Pro] DARK_SHADOWX » Wraithmark then u have to add enchants again if i combine
[18:28:07] [Render thread/INFO]: [System] [CHAT] [✦][Voter] Alt2 » lest doagain
[18:28:09] [Render thread/INFO]: [System] [CHAT]  * daxboah anyone selling skelleton spawner eggs?
[18:28:11] [Render thread/INFO]: [System] [CHAT] WerNiemand left the game
[18:28:13] [Render thread/INFO]: [System] [CHAT] Afnan13 joined the game
[18:28:17] [Render thread/INFO]: [System] [CHAT] WerNiemand joined the game
[18:28:17] [Render thread/INFO]: [System] [CHAT] [✦][Pro] DARK_SHADOWX » Wraithmark w8 here
[18:28:18] [Render thread/INFO]: [System] [CHAT] [Member] VoidViper » omg tysm lordzetana and veonicks
[18:28:19] [Render thread/INFO]: [System] [CHAT] aLiAbIdI died because of Herobrine
[18:28:19] [Render thread/INFO]: [System] [CHAT] [Member] Afnan13 » h
[18:28:31] [Render thread/INFO]: [System] [CHAT] Hey! You are not permitted to leave this area.
[18:28:38] [Render thread/INFO]: [System] [CHAT] WerNiemand left the game
[18:28:42] [Render thread/INFO]: [System] [CHAT] WerNiemand_FAKE left the game
[18:28:51] [Render thread/INFO]: [System] [CHAT] aLiAbIdI was slain by Endermite
[18:28:54] [Render thread/INFO]: [System] [CHAT] [Member] crusadeR_MaRk » uh
[18:28:57] [Render thread/INFO]: [System] [CHAT] VoidViper left the game
[18:29:00] [Render thread/INFO]: [System] [CHAT]  * daxboah anyone selling skelleton spawner eggs? paying 5 mil if anyone has
[18:29:00] [Render thread/INFO]: [System] [CHAT] Teleportation will commence in 3 seconds, don't move.
[18:29:03] [Render thread/INFO]: [System] [CHAT] [Member] Usageur9 » tf?
[18:29:03] [Render thread/INFO]: [System] [CHAT] Teleporting...
[18:29:05] [Render thread/INFO]: [System] [CHAT] [Member] ForestZ » who wants a mystery banner
[18:29:06] [Render thread/INFO]: [System] [CHAT] Njt1611 was smashed by Alt2 with [[BossHunter] Mace]
[18:29:06] [Render thread/INFO]: [System] [CHAT]             Player Ad by thedamiond            
[18:29:06] [Render thread/INFO]: [System] [CHAT]  » Lf bh chestplate buying for 7.5m-8m
[18:29:06] [Render thread/INFO]: [System] [CHAT]                                                             
[18:29:21] [Render thread/INFO]: [System] [CHAT] [Member] Usageur9 » 0 damage bt
[18:29:22] [Render thread/INFO]: [System] [CHAT] [Member] Usageur9 » btw
[18:29:23] [Render thread/INFO]: [System] [CHAT] Njt1611 was smashed by Alt2 with [[BossHunter] Mace]
[18:29:32] [Render thread/INFO]: [System] [CHAT] [✦][Pro] DARK_SHADOWX » Wraithmark take
[18:29:35] [Render thread/INFO]: [System] [CHAT] [✦][Member] Njt1611 » bruh please just lemme get my stuff
[18:29:39] [Render thread/INFO]: [System] [CHAT] [❤][Voter] Dumbeeb » daxboah i have a spawner (not spawn egg)
[18:29:47] [Render thread/INFO]: [System] [CHAT] [❤][☆][Member] MOLITOVEC » .command 2
[18:29:52] [Render thread/INFO]: [System] [CHAT] [✦][Pro] DARK_SHADOWX » Wraithmark nice
[18:29:52] [Render thread/INFO]: [System] [CHAT] [OG] daxboah » Dumbeeb how much u want for it ?
[18:29:53] [Render thread/INFO]: [System] [CHAT] Teleportation will commence in 3 seconds, don't move.
[18:29:53] [Render thread/INFO]: [System] [CHAT] [❤][☆][Member] MOLITOVEC » ；－；
[18:29:54] [Render thread/INFO]: [System] [CHAT] [Member] Usageur9 » come in
[18:29:55] [Render thread/INFO]: [System] [CHAT] Teleporting...
[18:29:57] [Render thread/INFO]: [System] [CHAT] tarlisdu left the game
[18:29:59] [Render thread/INFO]: [System] [CHAT] [Member] Usageur9 » LordZetana u come in
[18:30:00] [Render thread/INFO]: [System] [CHAT] Warping to bossfight.
[18:30:00] [Render thread/INFO]: [System] [CHAT] Teleportation will commence in 3 seconds, don't move.
[18:30:02] [Render thread/INFO]: [System] [CHAT] [❤][Voter] Dumbeeb » daxboah 8m for that
[18:30:03] [Render thread/INFO]: [System] [CHAT] Teleporting...
[18:30:04] [Render thread/INFO]: [System] [CHAT] [Member] Usageur9 » u will
[18:30:04] [Render thread/INFO]: [System] [CHAT] [Bounties] » There are currently 1 active bounties, check them at /bounty list
[18:30:04] [Render thread/INFO]: [System] [CHAT] [Bounties] » There are currently 1 active bounties, check them at /bounty list
[18:30:05] [Render thread/INFO]: [System] [CHAT] [Voter] veonicks » LordZetana dont
[18:30:07] [Render thread/INFO]: [System] [CHAT] tarlisdu joined the game
[18:30:07] [Render thread/INFO]: [System] [CHAT] [✦][Voter] Alt2 » wear totem
[18:30:08] [Render thread/INFO]: [System] [CHAT] [Member] Usageur9 » no
[18:30:10] [Render thread/INFO]: [System] [CHAT] [OG] daxboah » Dumbeeb i will give u 10
[18:30:10] [Render thread/INFO]: [System] [CHAT] [Member] Usageur9 » survive
[18:30:15] [Render thread/INFO]: [System] [CHAT] [OG] daxboah » Dumbeeb tpa to me
[18:30:15] [Render thread/INFO]: [System] [CHAT] [❤][Voter] Dumbeeb » daxboah deal :.
[18:30:16] [Render thread/INFO]: [System] [CHAT] [❤][☆✦][TheFallen] LordZetana » :D
[18:30:20] [Render thread/INFO]: [System] [CHAT] ed8tor joined the game
[18:30:22] [Render thread/INFO]: [System] [CHAT] [Achievements] » You completed Food I (Golden Apple)!
[18:30:22] [Render thread/INFO]: [System] [CHAT] [Achievements] » You received 3 Tokens & 3 BattlePass XP
[18:30:23] [Render thread/INFO]: [System] [CHAT] [Voter] veonicks » LordZetana it is CLEARLY a trap
[18:30:26] [Render thread/INFO]: [System] [CHAT] ObeliskJones is here!
[18:30:26] [Render thread/INFO]: [System] [CHAT] [❤][☆✦][TheFallen] LordZetana » Ik veonicks
[18:30:27] [Render thread/INFO]: [System] [CHAT] Hey! You are not permitted to leave this area.
[18:30:28] [Render thread/INFO]: [System] [CHAT] You've been resurrected by Totem. It has a 30-second cooldown before it can be used again.
[18:30:31] [Render thread/INFO]: [System] [CHAT] Use the /back to return to location of your death or use /back location to just get coordinates.
[18:30:32] [Render thread/INFO]: [System] [CHAT] NezarFB died because of Herobrine
[18:30:33] [Render thread/INFO]: [System] [CHAT] [OG] daxboah » [Banknote]
[18:30:34] [Render thread/INFO]: [System] [CHAT] Warping to bossfight.
[18:30:34] [Render thread/INFO]: [System] [CHAT] Teleportation will commence in 3 seconds, don't move.
[18:30:34] [Render thread/INFO]: [System] [CHAT] [☆✦][Unc] ObeliskJones » [62x [Vote Key]] for survival vote keys
[18:30:36] [Render thread/INFO]: [System] [CHAT] Teleporting...
[18:30:36] [Render thread/WARN]: Received passengers for unknown entity
[18:30:36] [Render thread/WARN]: Received passengers for unknown entity
[18:30:36] [Render thread/WARN]: Received passengers for unknown entity
[18:30:36] [Render thread/WARN]: Received passengers for unknown entity
[18:30:37] [Render thread/INFO]: [System] [CHAT] [Bounties] » There are currently 1 active bounties, check them at /bounty list
[18:30:37] [Render thread/INFO]: [System] [CHAT] [Bounties] » There are currently 1 active bounties, check them at /bounty list
[18:30:43] [Render thread/INFO]: [System] [CHAT] [Debug]: Hitboxes: shown
[18:30:44] [Render thread/INFO]: [System] [CHAT] [❤][☆✦][TheFallen] LordZetana » its doing 0 damage cuz u didn't do /claimexplosions Usageur9
[18:30:46] [Render thread/INFO]: [System] [CHAT] [Member] Usageur9 » ur broke daxboah
[18:30:50] [Render thread/INFO]: [System] [CHAT] Use the /back to return to location of your death or use /back location to just get coordinates.
[18:30:50] [Render thread/INFO]: [System] [CHAT] NezarFB was slain by Herobrine
[18:30:52] [Render thread/INFO]: [System] [CHAT] Warping to bossfight.
[18:30:52] [Render thread/INFO]: [System] [CHAT] Teleportation will commence in 3 seconds, don't move.
[18:30:55] [Render thread/INFO]: [System] [CHAT] Teleporting...
[18:30:55] [Render thread/WARN]: Received passengers for unknown entity
[18:30:55] [Render thread/WARN]: Received passengers for unknown entity
[18:30:55] [Render thread/WARN]: Received passengers for unknown entity
[18:30:55] [Render thread/WARN]: Received passengers for unknown entity
[18:30:56] [Render thread/INFO]: [System] [CHAT] [Bounties] » There are currently 1 active bounties, check them at /bounty list
[18:30:56] [Render thread/INFO]: [System] [CHAT] [Bounties] » There are currently 1 active bounties, check them at /bounty list
[18:30:56] [Render thread/INFO]: [System] [CHAT] [OG] daxboah » [Banknote] Dumbeeb tpa i got the banknote
[18:30:59] [Render thread/INFO]: [System] [CHAT] [Member] Usageur9 » its gonna explode my canoodle
[18:30:59] [Render thread/INFO]: [System] [CHAT] See you later ObeliskJones!
[18:31:02] [Render thread/INFO]: [System] [CHAT] [Member] ForestZ » alr
[18:31:02] [Render thread/INFO]: [System] [CHAT] [✦][Member] Njt1611 » please stop
[18:31:02] [Render thread/INFO]: [System] [CHAT] Njt1611 was slain by Alt2 using [[BossHunter] Axe]
[18:31:04] [Render thread/INFO]: [System] [CHAT] [Voter] veonicks » mv
[18:31:05] [Render thread/INFO]: [System] [CHAT] Use the /back to return to location of your death or use /back location to just get coordinates.
[18:31:05] [Render thread/INFO]: [System] [CHAT] NezarFB was slain by Herobrine
[18:31:07] [Render thread/INFO]: [System] [CHAT] [Voter] veonicks » mb
[18:31:08] [Render thread/INFO]: [System] [CHAT] "The cake is a lie." But JJARCANE_ is real!
[18:31:08] [Render thread/INFO]: [System] [CHAT] Warping to bossfight.
[18:31:08] [Render thread/INFO]: [System] [CHAT] Teleportation will commence in 3 seconds, don't move.
[18:31:08] [Render thread/INFO]: [System] [CHAT] [Member] ForestZ » did u bring ur best banner?
[18:31:11] [Render thread/INFO]: [System] [CHAT] [✦][Voter] Alt2 » take it
[18:31:11] [Render thread/INFO]: [System] [CHAT] Teleporting...
[18:31:11] [Render thread/WARN]: Received passengers for unknown entity
[18:31:11] [Render thread/WARN]: Received passengers for unknown entity
[18:31:11] [Render thread/WARN]: Received passengers for unknown entity
[18:31:11] [Render thread/WARN]: Received passengers for unknown entity
[18:31:12] [Render thread/INFO]: [System] [CHAT] [Bounties] » There are currently 1 active bounties, check them at /bounty list
[18:31:12] [Render thread/INFO]: [System] [CHAT] [Bounties] » There are currently 1 active bounties, check them at /bounty list
[18:31:15] [Render thread/INFO]: [System] [CHAT] [✦][Pro] DARK_SHADOWX » ForestZ yeh
[18:31:15] [Render thread/INFO]: [System] [CHAT] You received [HeroKit]!
[18:31:17] [Render thread/INFO]: [System] [CHAT] aLiAbIdI died because of Herobrine
[18:31:22] [Render thread/INFO]: [System] [CHAT] [Member] ForestZ » alr
[18:31:26] [Render thread/INFO]: [System] [CHAT] Alt2 left the game
[18:31:27] [Render thread/INFO]: [System] [CHAT] Use the /back to return to location of your death or use /back location to just get coordinates.
[18:31:27] [Render thread/INFO]: [System] [CHAT] NezarFB was slain by Herobrine
[18:31:28] [Render thread/INFO]: [System] [CHAT] [❤][☆✦][TheFallen] LordZetana » JJARCANE_ wsp man
[18:31:29] [Render thread/INFO]: [System] [CHAT] [Member] ForestZ » this is my best
[18:31:30] [Render thread/INFO]: [System] [CHAT] Warping to bossfight.
[18:31:30] [Render thread/INFO]: [System] [CHAT] Teleportation will commence in 3 seconds, don't move.
[18:31:31] [Render thread/INFO]: [System] [CHAT] [❤][✦][MVP] Wraithmark » DARK_SHADOWX you selling unbreaking III?
[18:31:31] [Render thread/INFO]: [System] [CHAT] [✦][Pro] DARK_SHADOWX » ForestZ trust
[18:31:33] [Render thread/INFO]: [System] [CHAT] Teleporting...
[18:31:33] [Render thread/WARN]: Received passengers for unknown entity
[18:31:33] [Render thread/WARN]: Received passengers for unknown entity
[18:31:33] [Render thread/WARN]: Received passengers for unknown entity
[18:31:33] [Render thread/WARN]: Received passengers for unknown entity
[18:31:33] [Render thread/WARN]: Received passengers for unknown entity
[18:31:34] [Render thread/INFO]: [System] [CHAT] [Bounties] » There are currently 1 active bounties, check them at /bounty list
[18:31:34] [Render thread/INFO]: [System] [CHAT] [Bounties] » There are currently 1 active bounties, check them at /bounty list
[18:31:34] [Render thread/INFO]: [System] [CHAT] [❤][☆✦][TheFallen] LordZetana » wrong ping JJARCANE_ ;-;
[18:31:35] [Render thread/INFO]: [System] [CHAT] [✦][Pro] DARK_SHADOWX » Wraithmark nah
[18:31:38] [Render thread/INFO]: [System] [CHAT] You received [VIPKit]!
[18:31:39] [Render thread/INFO]: [System] [CHAT] [OG] daxboah » Dumbeeb thx man
[18:31:40] [Render thread/INFO]: [System] [CHAT] [❤][☆✦][TheFallen] LordZetana » Jojo_123 :d
[18:31:43] [Render thread/INFO]: [System] [CHAT] [Member] ForestZ » place it there
[18:31:44] [Render thread/INFO]: [System] [CHAT] [✦][Pro] DARK_SHADOWX » JJARCANE_ hlo
[18:31:45] [Render thread/INFO]: [System] [CHAT] [❤][Voter] Dumbeeb » daxboah mp :>
[18:31:47] [Render thread/INFO]: [System] [CHAT] [❤] * Wraithmark LordZetana Helllooo
[18:31:53] [Render thread/INFO]: [System] [CHAT] [❤][☆✦][TheFallen] LordZetana » Hi hii Wraithmark
[18:31:53] [Render thread/INFO]: [System] [CHAT] [Member] Usageur9 » yall helping this mf tp trapper?
[18:32:00] [Render thread/INFO]: [System] [CHAT] [✦][LoneWolf] JJARCANE_ » DARK_SHADOWX hello
[18:32:01] [Render thread/INFO]: [System] [CHAT] [Member] ForestZ » dayum
[18:32:02] [Render thread/INFO]: [System] [CHAT] [❤][✦][MVP] Wraithmark » Usageur9 who
[18:32:05] [Render thread/INFO]: [System] [CHAT] Use the /back to return to location of your death or use /back location to just get coordinates.
[18:32:05] [Render thread/INFO]: [System] [CHAT] NezarFB was slain by Herobrine
[18:32:06] [Render thread/INFO]: [System] [CHAT] [Member] Usageur9 » zah1
[18:32:07] [Render thread/INFO]: [System] [CHAT] Slowsy joined the game
[18:32:08] [Render thread/INFO]: [System] [CHAT] Warping to bossfight.
[18:32:08] [Render thread/INFO]: [System] [CHAT] Teleportation will commence in 3 seconds, don't move.
[18:32:09] [Render thread/INFO]: [System] [CHAT] [Magic Wand] listed on AH for $4,000,000.00
[18:32:11] [Render thread/INFO]: [System] [CHAT] Teleporting...
[18:32:11] [Render thread/WARN]: Received passengers for unknown entity
[18:32:11] [Render thread/WARN]: Received passengers for unknown entity
[18:32:11] [Render thread/WARN]: Received passengers for unknown entity
[18:32:11] [Render thread/WARN]: Received passengers for unknown entity
[18:32:12] [Render thread/INFO]: [System] [CHAT] [Bounties] » There are currently 1 active bounties, check them at /bounty list
[18:32:12] [Render thread/INFO]: [System] [CHAT] [Bounties] » There are currently 1 active bounties, check them at /bounty list
[18:32:13] [Render thread/INFO]: [System] [CHAT] [Magic Wand] listed on AH for $4,000,000.00
[18:32:13] [Render thread/INFO]: [System] [CHAT] [Member] Usageur9 » he tprap allot of people
[18:32:14] [Render thread/INFO]: [System] [CHAT] [❤][✦][MVP] Wraithmark » Usageur9 hes offline
[18:32:16] [Render thread/INFO]: [System] [CHAT] [Member] Usageur9 » stopp
[18:32:17] [Render thread/INFO]: [System] [CHAT] [Magic Wand] listed on AH for $4,000,000.00
[18:32:17] [Render thread/INFO]: [System] [CHAT] You received [ProKit]!
[18:32:18] [Render thread/INFO]: [System] [CHAT] * Slowsy is now AFK.
[18:32:24] [Render thread/INFO]: [System] [CHAT] KayesIsHere left the game
[18:32:25] [Render thread/INFO]: [System] [CHAT] [Achievements] » You completed Travelling V (Walking)!
[18:32:25] [Render thread/INFO]: [System] [CHAT] [Achievements] » You received 15 Tokens & 14 BattlePass XP
[18:32:32] [Render thread/INFO]: [System] [CHAT] [Member] Usageur9 » Wraithmark?
[18:32:35] [Render thread/INFO]: [System] [CHAT] goodlive joined the game
[18:32:37] [Render thread/INFO]: [System] [CHAT] [Member] ForestZ » its fire
[18:32:37] [Render thread/INFO]: [System] [CHAT] [❤][☆✦][TheFallen] LordZetana » keep Usageur9 on ct veonicks
[18:32:42] [Render thread/INFO]: [System] [CHAT] [❤][✦][MVP] Wraithmark » Usageur9 come
[18:32:42] [Render thread/INFO]: [System] [CHAT] [✦][Pro] DARK_SHADOWX » ForestZ now tell
[18:32:46] [Render thread/INFO]: [System] [CHAT] [Voter] veonicks » LordZetana ofc
[18:32:48] [Render thread/INFO]: [System] [CHAT] [Member] Usageur9 » stop LordZetana
[18:32:49] [Render thread/INFO]: [System] [CHAT] Warping to bossfight.
[18:32:49] [Render thread/INFO]: [System] [CHAT] Teleportation will commence in 3 seconds, don't move.
[18:32:50] [Render thread/INFO]: [System] [CHAT] [✦][Pro] DARK_SHADOWX » ForestZ i have more
[18:32:51] [Render thread/INFO]: [System] [CHAT] Pending teleportation request cancelled.
[18:32:54] [Render thread/INFO]: [System] [CHAT] [❤][✦][MVP] Wraithmark » Usageur9 comee
[18:32:57] [Render thread/INFO]: [System] [CHAT] Cobes615 joined the game
[18:32:57] [Render thread/INFO]: [System] [CHAT] [❤][☆✦][TheFallen] LordZetana » Wraithmark u with Usageur9 ?
[18:33:00] [Render thread/INFO]: [System] [CHAT]  * daxboah buying skelleton eggs or spawners :)
[18:33:00] [Render thread/INFO]: [System] [CHAT] Warping to bossfight.
[18:33:00] [Render thread/INFO]: [System] [CHAT] Teleportation will commence in 3 seconds, don't move.
[18:33:00] [Render thread/INFO]: [System] [CHAT] You moved, pending teleportation request cancelled.
[18:33:01] [Render thread/INFO]: [System] [CHAT] Destryana joined the game
[18:33:03] [Render thread/INFO]: [System] [CHAT] Use the /back to return to location of your death or use /back location to just get coordinates.
[18:33:03] [Render thread/INFO]: [System] [CHAT] NezarFB died because of Herobrine
[18:33:06] [Render thread/INFO]: [System] [CHAT] Warping to bossfight.
[18:33:06] [Render thread/INFO]: [System] [CHAT] Teleportation will commence in 3 seconds, don't move.
[18:33:09] [Render thread/INFO]: [System] [CHAT] Teleporting...
[18:33:10] [Render thread/WARN]: Received passengers for unknown entity
[18:33:10] [Render thread/WARN]: Received passengers for unknown entity
[18:33:10] [Render thread/WARN]: Received passengers for unknown entity
[18:33:10] [Render thread/WARN]: Received passengers for unknown entity
[18:33:10] [Render thread/INFO]: [System] [CHAT] [Bounties] » There are currently 1 active bounties, check them at /bounty list
[18:33:10] [Render thread/INFO]: [System] [CHAT] [Bounties] » There are currently 1 active bounties, check them at /bounty list
[18:33:12] [Render thread/INFO]: [System] [CHAT] [❤][✦][MVP] Wraithmark » LordZetana idk him he said hes killing tokillers
[18:33:20] [Render thread/INFO]: [System] [CHAT] [❤][✦][MVP] Wraithmark » tpkillers
[18:33:28] [Render thread/INFO]: [System] [CHAT] [❤][☆✦][TheFallen] LordZetana » Wraithmark u SURE? cuz he killed an innocent
[18:33:34] [Render thread/INFO]: [System] [CHAT] Warping to bossfight.
[18:33:34] [Render thread/INFO]: [System] [CHAT] Teleportation will commence in 3 seconds, don't move.
[18:33:34] [Render thread/INFO]: [System] [CHAT] Pending teleportation request cancelled.
[18:33:35] [Render thread/INFO]: [System] [CHAT] Teleportation will commence in 3 seconds, don't move.
[18:33:35] [Render thread/INFO]: [System] [CHAT] [Member] Usageur9 » im not a spank tp killer LordZetana
[18:33:36] [Render thread/INFO]: [System] [CHAT] Pending teleportation request cancelled.
[18:33:43] [Render thread/INFO]: [System] [CHAT] [❤][☆✦][TheFallen] LordZetana » come out of ur claim
[18:33:45] [Render thread/INFO]: [System] [CHAT] [❤][✦][MVP] Wraithmark » LordZetana whom he killed
[18:33:45] [Render thread/INFO]: [System] [CHAT] [❤][☆✦][TheFallen] LordZetana » lets talk
[18:33:48] [Render thread/INFO]: [System] [CHAT] Poof! MiningLife123 disappeared like magic!
[18:33:49] [Render thread/INFO]: [System] [CHAT] Njt1611 left the game
[18:33:51] [Render thread/INFO]: [System] [CHAT] [❤][☆✦][TheFallen] LordZetana » Wraithmark VoidViper
[18:33:51] [Render thread/INFO]: [System] [CHAT] [Member] Usageur9 » he asked to pvp me
[18:33:54] [Render thread/INFO]: [System] [CHAT] [Member] Usageur9 » so i killed him
[18:33:58] [Render thread/INFO]: [System] [CHAT] [❤][☆✦][TheFallen] LordZetana » ;-;
[18:34:00] [Render thread/INFO]: [System] [CHAT] Use the /back to return to location of your death or use /back location to just get coordinates.
[18:34:00] [Render thread/INFO]: [System] [CHAT] NezarFB died because of Herobrine
[18:34:01] [Render thread/INFO]: [System] [CHAT] [❤][☆✦][TheFallen] LordZetana » ohh
[18:34:03] [Render thread/INFO]: [System] [CHAT] Teleportation will commence in 3 seconds, don't move.
[18:34:05] [Render thread/INFO]: [System] [CHAT] [Member] ForestZ » wait rq
[18:34:05] [Render thread/INFO]: [System] [CHAT]  »  Any form of PayPal, real-currency and goods for trading in game items is NOT allowed!!!
[18:34:06] [Render thread/INFO]: [System] [CHAT]             Player Ad by thedamiond            
[18:34:06] [Render thread/INFO]: [System] [CHAT]  » Lf bh chestplate buying for 7.5m-8m
[18:34:06] [Render thread/INFO]: [System] [CHAT]                                                             
[18:34:06] [Render thread/INFO]: [System] [CHAT] Teleporting...
[18:34:06] [Render thread/WARN]: Received passengers for unknown entity
[18:34:06] [Render thread/WARN]: Received passengers for unknown entity
[18:34:06] [Render thread/WARN]: Received passengers for unknown entity
[18:34:06] [Render thread/WARN]: Received passengers for unknown entity
[18:34:07] [Render thread/INFO]: [System] [CHAT] [❤][☆✦][TheFallen] LordZetana » Well even if
[18:34:09] [Render thread/INFO]: [System] [CHAT] Warping to bossfight.
[18:34:09] [Render thread/INFO]: [System] [CHAT] Time before next teleportation: 2 seconds.
[18:34:10] [Render thread/INFO]: [System] [CHAT] [✦][Pro] DARK_SHADOWX » ForestZ give
[18:34:12] [Render thread/INFO]: [System] [CHAT] [Member] Usageur9 » he said its a tp kill cuz he does not speak english LordZetana
[18:34:12] [Render thread/INFO]: [System] [CHAT] [Member] ForestZ » im looking at the variants
[18:34:14] [Render thread/INFO]: [System] [CHAT] Warping to bossfight.
[18:34:14] [Render thread/INFO]: [System] [CHAT] Teleportation will commence in 3 seconds, don't move.
[18:34:14] [Render thread/INFO]: [System] [CHAT] [❤][☆✦][TheFallen] LordZetana » You're not allied to any of my allies
[18:34:15] [Render thread/INFO]: [System] [CHAT] [❤][☆✦][TheFallen] LordZetana » so
[18:34:16] [Render thread/INFO]: [System] [CHAT] [❤][☆✦][TheFallen] LordZetana » idrc
[18:34:17] [Render thread/INFO]: [System] [CHAT] Teleporting...
[18:34:18] [Render thread/INFO]: [System] [CHAT] [Bounties] » There are currently 1 active bounties, check them at /bounty list
[18:34:18] [Render thread/INFO]: [System] [CHAT] [Bounties] » There are currently 1 active bounties, check them at /bounty list
[18:34:20] [Render thread/INFO]: [System] [CHAT] Hey! Sorry, but you can't PvP here.
[18:34:21] [Render thread/INFO]: [System] [CHAT] [Member] Usageur9 » omg this pizza
[18:34:22] [Render thread/INFO]: [System] [CHAT] [✦][Pro] DARK_SHADOWX » ForestZ fast
[18:34:27] [Render thread/INFO]: [System] [CHAT] [❤][✦][MVP] Wraithmark » Usageur9 shhh
[18:34:36] [Render thread/INFO]: [System] [CHAT] [Member] Usageur9 » Wraithmark ur against me too?
[18:34:39] [Render thread/INFO]: [System] [CHAT] Use the /back to return to location of your death or use /back location to just get coordinates.
[18:34:39] [Render thread/INFO]: [System] [CHAT] NezarFB died because of Herobrine
[18:34:39] [Render thread/INFO]: [System] [CHAT] [❤][☆✦][TheFallen] LordZetana » Wraithmark empire's blacklist waiting for him :D
[18:34:39] [Render thread/INFO]: [System] [CHAT] [❤][✦][MVP] Wraithmark » LordZetana he wont doing again
[18:34:45] [Render thread/INFO]: [System] [CHAT] [✦][Pro] DARK_SHADOWX » ForestZ are these good?
[18:34:47] [Render thread/INFO]: [System] [CHAT] Gayam left the game
[18:34:47] [Render thread/INFO]: [System] [CHAT] [Member] ForestZ » its insane
[18:34:48] [Render thread/INFO]: [System] [CHAT] [❤][✦][MVP] Wraithmark » Usageur9 its ok gng chill
[18:34:52] [Render thread/INFO]: [System] [CHAT] Warping to bossfight.
[18:34:52] [Render thread/INFO]: [System] [CHAT] Teleportation will commence in 3 seconds, don't move.
[18:34:55] [Render thread/INFO]: [System] [CHAT] [✦][Pro] DARK_SHADOWX » ForestZ more 2
[18:34:55] [Render thread/INFO]: [System] [CHAT] Teleporting...
[18:34:55] [Render thread/WARN]: Received passengers for unknown entity
[18:34:55] [Render thread/WARN]: Received passengers for unknown entity
[18:34:55] [Render thread/WARN]: Received passengers for unknown entity
[18:34:55] [Render thread/WARN]: Received passengers for unknown entity
[18:34:56] [Render thread/INFO]: [System] [CHAT] [Bounties] » There are currently 1 active bounties, check them at /bounty list
[18:34:56] [Render thread/INFO]: [System] [CHAT] [Bounties] » There are currently 1 active bounties, check them at /bounty list
[18:35:04] [Render thread/INFO]: [System] [CHAT] [✦][Pro] DARK_SHADOWX » ForestZ more 1
[18:35:05] [Render thread/INFO]: [System] [CHAT] Use the /back to return to location of your death or use /back location to just get coordinates.
[18:35:05] [Render thread/INFO]: [System] [CHAT] NezarFB was slain by Herobrine
[18:35:05] [Render thread/INFO]: [System] [CHAT] 
[18:35:05] [Render thread/INFO]: [System] [CHAT]  || Vote for us and get Vote Keys every day!
[18:35:05] [Render thread/INFO]: [System] [CHAT]  || Go to: https://www.extremecraft.net/vote/ *click*
[18:35:05] [Render thread/INFO]: [System] [CHAT] 
[18:35:07] [Render thread/INFO]: [System] [CHAT] [❤][✦][MVP] Wraithmark » LordZetana empire done?
[18:35:08] [Render thread/INFO]: [System] [CHAT] Warping to bossfight.
[18:35:08] [Render thread/INFO]: [System] [CHAT] Teleportation will commence in 3 seconds, don't move.
[18:35:08] [Render thread/INFO]: [System] [CHAT] [[BossHunter] Chestplate] listed on AH for $6,000,000.00
[18:35:08] [Render thread/INFO]: [System] [CHAT] purna joined the game
[18:35:11] [Render thread/INFO]: [System] [CHAT] Teleporting...
[18:35:11] [Render thread/WARN]: Received passengers for unknown entity
[18:35:11] [Render thread/WARN]: Received passengers for unknown entity
[18:35:11] [Render thread/WARN]: Received passengers for unknown entity
[18:35:11] [Render thread/WARN]: Received passengers for unknown entity
[18:35:12] [Render thread/INFO]: [System] [CHAT] Warping to bossfight.
[18:35:12] [Render thread/INFO]: [System] [CHAT] Time before next teleportation: 4 seconds.
[18:35:12] [Render thread/INFO]: [System] [CHAT] [[BossHunter] Chestplate] listed on AH for $6,000,000.00
[18:35:12] [Render thread/INFO]: [System] [CHAT] [Bounties] » There are currently 1 active bounties, check them at /bounty list
[18:35:12] [Render thread/INFO]: [System] [CHAT] [Bounties] » There are currently 1 active bounties, check them at /bounty list
[18:35:14] [Render thread/INFO]: [System] [CHAT] purna left the game
[18:35:15] [Render thread/INFO]: [System] [CHAT] [✦][Pro] DARK_SHADOWX » ForestZ black one
[18:35:16] [Render thread/INFO]: [System] [CHAT] [[BossHunter] Chestplate] listed on AH for $6,000,000.00
[18:35:17] [Render thread/INFO]: [System] [CHAT] JustKannaya (formerly known as UnLuckyKannaya) joined the game
[18:35:17] [Render thread/INFO]: [System] [CHAT] [❤][☆✦][TheFallen] LordZetana » Wraithmark nah, under construct, need builders
[18:35:20] [Render thread/INFO]: [System] [CHAT] [[BossHunter] Chestplate] listed on AH for $6,000,000.00
[18:35:21] [Render thread/INFO]: [System] [CHAT] [Voter] veonicks » Wraithmark its in constructon :p
[18:35:23] [Render thread/INFO]: [System] [CHAT] Hey! Sorry, but you can't PvP here.
[18:35:27] [Render thread/INFO]: [System] [CHAT] McStopper247 joined the game
[18:35:27] [Render thread/INFO]: [System] [CHAT] [Member] ForestZ » its red but alr
[18:35:28] [Render thread/INFO]: [System] [CHAT] [❤][✦][MVP] Wraithmark » LordZetana you blocked me there
[18:35:29] [Render thread/INFO]: [System] [CHAT] AriyanxXx joined the game
[18:35:31] [Render thread/INFO]: [System] [CHAT] [Member] ForestZ » theire insane btw
[18:35:33] [Render thread/INFO]: [System] [CHAT] [❤][☆✦][TheFallen] LordZetana » Really ? Wraithmark
[18:35:35] [Render thread/INFO]: [System] [CHAT] [❤][☆✦][TheFallen] LordZetana » when?
[18:35:35] [Render thread/INFO]: [System] [CHAT] [Member] ForestZ » not even capping
[18:35:48] [Render thread/INFO]: [System] [CHAT] [❤][✦][MVP] Wraithmark » LordZetanai tried to tp but it said blocked
[18:35:50] [Render thread/INFO]: [System] [CHAT] [✦][Pro] DARK_SHADOWX » ForestZ do /clap
[18:35:54] [Render thread/INFO]: [System] [CHAT] [❤][☆✦][TheFallen] LordZetana » ;-;
[18:35:58] [Render thread/INFO]: [System] [CHAT] JustKannaya left the game
[18:35:59] [Render thread/INFO]: [System] [CHAT] [❤][☆✦][TheFallen] LordZetana » I think NoEnter is on for now
[18:36:02] [Render thread/INFO]: [System] [CHAT] crusadeR_MaRk left the game
[18:36:03] [Render thread/INFO]: [System] [CHAT] Use the /back to return to location of your death or use /back location to just get coordinates.
[18:36:03] [Render thread/INFO]: [System] [CHAT] NezarFB was shot by Skeleton
[18:36:05] [Render thread/INFO]: [System] [CHAT] Warping to bossfight.
[18:36:05] [Render thread/INFO]: [System] [CHAT] Teleportation will commence in 3 seconds, don't move.
[18:36:08] [Render thread/INFO]: [System] [CHAT] Teleporting...
[18:36:08] [Render thread/WARN]: Received passengers for unknown entity
[18:36:08] [Render thread/WARN]: Received passengers for unknown entity
[18:36:08] [Render thread/WARN]: Received passengers for unknown entity
[18:36:08] [Render thread/WARN]: Received passengers for unknown entity
[18:36:09] [Render thread/INFO]: [System] [CHAT] [Bounties] » There are currently 1 active bounties, check them at /bounty list
[18:36:09] [Render thread/INFO]: [System] [CHAT] [Bounties] » There are currently 1 active bounties, check them at /bounty list
[18:36:10] [Render thread/INFO]: [System] [CHAT] [❤][☆✦][TheFallen] LordZetana » don't want lots of dudes tping to the empire
[18:36:13] [Render thread/INFO]: [System] [CHAT] [❤][☆✦][TheFallen] LordZetana » for no good reason
[18:36:19] [Render thread/INFO]: [System] [CHAT] McStopper247 was slain by Zombie
[18:36:23] [Render thread/INFO]: [System] [CHAT]  * daxboah buying skelleton spawners/eggs :)
[18:36:27] [Render thread/INFO]: [System] [CHAT] BigA_ron voted (TopG.org) and received 1x Vote Key and $500!
[18:36:28] [Render thread/INFO]: [System] [CHAT] McStopper247 left the game
[18:36:28] [Render thread/INFO]: [System] [CHAT] crusadeR_MaRk joined the game
[18:36:34] [Render thread/INFO]: [System] [CHAT] [❤][☆✦][TheFallen] LordZetana » This state still under construction Wraithmark
[18:36:36] [Render thread/INFO]: [System] [CHAT] SswansS left the game
[18:36:39] [Render thread/INFO]: [System] [CHAT] Warping to bossfight.
[18:36:39] [Render thread/INFO]: [System] [CHAT] Teleportation will commence in 3 seconds, don't move.
[18:36:42] [Render thread/INFO]: [System] [CHAT] Teleporting...
[18:36:45] [Render thread/INFO]: [System] [CHAT] [❤][☆✦][TheFallen] LordZetana » ye
[18:36:50] [Render thread/INFO]: [System] [CHAT] [Member] ForestZ » yo
[18:36:50] [Render thread/INFO]: [System] [CHAT] [❤][☆✦][TheFallen] LordZetana » u can fly Wraithmark
[18:36:52] [Render thread/INFO]: [System] [CHAT] [❤][✦][MVP] Wraithmark » LordZetana start from?
[18:36:57] [Render thread/INFO]: [System] [CHAT] [❤][☆✦][TheFallen] LordZetana » Wraithmark this the gate ofc
[18:36:57] [Render thread/INFO]: [System] [CHAT] [Member] ForestZ » i made an exact replica
[18:36:59] [Render thread/INFO]: [System] [CHAT] Use the /back to return to location of your death or use /back location to just get coordinates.
[18:36:59] [Render thread/INFO]: [System] [CHAT] NezarFB was slain by Endermite
[18:37:02] [Render thread/INFO]: [System] [CHAT] Warping to bossfight.
[18:37:02] [Render thread/INFO]: [System] [CHAT] Teleportation will commence in 3 seconds, don't move.
[18:37:02] [Render thread/INFO]: [System] [CHAT] hollow64536 joined the game
[18:37:05] [Render thread/INFO]: [System] [CHAT] Teleporting...
[18:37:05] [Render thread/WARN]: Received passengers for unknown entity
[18:37:05] [Render thread/WARN]: Received passengers for unknown entity
[18:37:05] [Render thread/WARN]: Received passengers for unknown entity
[18:37:05] [Render thread/WARN]: Received passengers for unknown entity
[18:37:05] [Render thread/WARN]: Received passengers for unknown entity
[18:37:06] [Render thread/INFO]: [System] [CHAT] [Bounties] » There are currently 1 active bounties, check them at /bounty list
[18:37:06] [Render thread/INFO]: [System] [CHAT] [Bounties] » There are currently 1 active bounties, check them at /bounty list
[18:37:17] [Render thread/INFO]: [System] [CHAT] TractorsRullz joined the game
[18:37:17] [Render thread/INFO]: [System] [CHAT] [❤][☆✦][TheFallen] LordZetana » Wraithmark it opens here
[18:37:18] [Render thread/INFO]: [System] [CHAT] [❤][✦][MVP] Wraithmark » LordZetana is it done?
[18:37:24] [Render thread/INFO]: [System] [CHAT] [❤][☆✦][TheFallen] LordZetana » wait
[18:37:26] [Render thread/INFO]: [System] [CHAT] Wukong joined the game
[18:37:27] [Render thread/INFO]: [System] [CHAT] [❤][☆✦][TheFallen] LordZetana » i need gatemen
[18:37:29] [Render thread/INFO]: [System] [CHAT] [❤][☆✦][TheFallen] LordZetana » XD
[18:37:29] [Render thread/INFO]: [System] [CHAT] Use the /back to return to location of your death or use /back location to just get coordinates.
[18:37:29] [Render thread/INFO]: [System] [CHAT] NezarFB was shot by Skeleton
[18:37:30] [Render thread/INFO]: [System] [CHAT] Wukong left the game
[18:37:31] [Render thread/INFO]: [System] [CHAT] Warping to bossfight.
[18:37:31] [Render thread/INFO]: [System] [CHAT] Teleportation will commence in 3 seconds, don't move.
[18:37:33] [Render thread/INFO]: [System] [CHAT] [VoteParty] » 55 votes left for the /voteparty!
[18:37:34] [Render thread/INFO]: [System] [CHAT] Teleporting...
[18:37:34] [Render thread/WARN]: Received passengers for unknown entity
[18:37:34] [Render thread/WARN]: Received passengers for unknown entity
[18:37:34] [Render thread/WARN]: Received passengers for unknown entity
[18:37:34] [Render thread/WARN]: Received passengers for unknown entity
[18:37:35] [Render thread/INFO]: [System] [CHAT] [Bounties] » There are currently 1 active bounties, check them at /bounty list
[18:37:35] [Render thread/INFO]: [System] [CHAT] [Bounties] » There are currently 1 active bounties, check them at /bounty list
[18:37:37] [Render thread/INFO]: [System] [CHAT] TractorsRullz left the game
[18:37:37] [Render thread/INFO]: [System] [CHAT] BloxminE_YT joined the game
[18:37:37] [Render thread/INFO]: [System] [CHAT] Hey! Sorry, but you can't PvP here.
[18:37:37] [Render thread/INFO]: [System] [CHAT] QWBH joined the game
[18:37:47] [Render thread/INFO]: [System] [CHAT] Use the /back to return to location of your death or use /back location to just get coordinates.
[18:37:47] [Render thread/INFO]: [System] [CHAT] NezarFB was slain by Zombie
[18:37:47] [Render thread/INFO]: [System] [CHAT] [Member] ForestZ » dark_shadow
[18:37:49] [Render thread/INFO]: [System] [CHAT] [Member] Usageur9 » LordZetana u a actual pheleiophia?
[18:37:50] [Render thread/INFO]: [System] [CHAT] Warping to bossfight.
[18:37:50] [Render thread/INFO]: [System] [CHAT] Teleportation will commence in 3 seconds, don't move.
[18:37:51] [Render thread/INFO]: [System] [CHAT] [❤][✦][MVP] Wraithmark » LordZetana nice
[18:37:52] [Render thread/INFO]: [System] [CHAT] [Member] ForestZ » can i tp to u rq
[18:37:52] [Render thread/INFO]: [System] [CHAT] Teleporting...
[18:37:52] [Render thread/WARN]: Received passengers for unknown entity
[18:37:52] [Render thread/WARN]: Received passengers for unknown entity
[18:37:52] [Render thread/WARN]: Received passengers for unknown entity
[18:37:52] [Render thread/WARN]: Received passengers for unknown entity
[18:37:53] [Render thread/INFO]: [System] [CHAT] [Bounties] » There are currently 1 active bounties, check them at /bounty list
[18:37:53] [Render thread/INFO]: [System] [CHAT] [Bounties] » There are currently 1 active bounties, check them at /bounty list
[18:37:55] [Render thread/INFO]: [System] [CHAT] QWBH left the game
[18:37:56] [Render thread/INFO]: [System] [CHAT] [Member] Usageur9 » idk how to spell itt
[18:38:03] [Render thread/INFO]: [System] [CHAT] Saray_xd125 joined the game
[18:38:07] [Render thread/INFO]: [System] [CHAT] [Member] ForestZ » i made an exact repleca of all ur banners u showed me
[18:38:07] [Render thread/INFO]: [System] [CHAT] [Voter] veonicks » LordZetana i let that guy go
[18:38:13] [Render thread/INFO]: [System] [CHAT] Saray_xd125 left the game
[18:38:13] [Render thread/INFO]: [System] [CHAT] [❤][☆✦][TheFallen] LordZetana » Wraithmark rest of state is here, all the commercial / residential sectors stuff I was talking ab
[18:38:15] [Render thread/INFO]: [System] [CHAT] Use the /back to return to location of your death or use /back location to just get coordinates.
[18:38:15] [Render thread/INFO]: [System] [CHAT] NezarFB died because of Herobrine
[18:38:17] [Render thread/INFO]: [System] [CHAT] Warping to bossfight.
[18:38:17] [Render thread/INFO]: [System] [CHAT] Teleportation will commence in 3 seconds, don't move.
[18:38:20] [Render thread/INFO]: [System] [CHAT] Teleporting...
[18:38:20] [Render thread/WARN]: Received passengers for unknown entity
[18:38:20] [Render thread/WARN]: Received passengers for unknown entity
[18:38:20] [Render thread/WARN]: Received passengers for unknown entity
[18:38:20] [Render thread/WARN]: Received passengers for unknown entity
[18:38:21] [Render thread/INFO]: [System] [CHAT] [❤][☆✦][TheFallen] LordZetana » veonicks nps
[18:38:21] [Render thread/INFO]: [System] [CHAT] [Bounties] » There are currently 1 active bounties, check them at /bounty list
[18:38:21] [Render thread/INFO]: [System] [CHAT] [Bounties] » There are currently 1 active bounties, check them at /bounty list
[18:38:24] [Render thread/INFO]: [System] [CHAT] [Member] BloxminE_YT » oi ariyan amaree to patha
[18:38:36] [Render thread/INFO]: [System] [CHAT] [Member] ForestZ » im blocked from that claim
[18:38:41] [Render thread/INFO]: [System] [CHAT] [❤][☆✦][TheFallen] LordZetana » it Tuff or No Tuff ? Wraithmark I need honest reviews
[18:38:43] [Render thread/INFO]: [System] [CHAT] [✦][Pro] DARK_SHADOWX » ForestZ i am at my farm
[18:38:45] [Render thread/INFO]: [System] [CHAT] [❤][☆✦][TheFallen] LordZetana » to improve the empire
[18:38:47] [Render thread/INFO]: [System] [CHAT] Usageur9 left the game
[18:38:51] [Render thread/INFO]: [System] [CHAT] [Member] ForestZ » come to spawn rq
[18:38:52] [Render thread/INFO]: [System] [CHAT] Usageur9 joined the game
[18:38:52] [Render thread/INFO]: [System] [CHAT] aLiAbIdI died because of Herobrine
[18:38:57] [Render thread/INFO]: [System] [CHAT] [❤][✦][MVP] Wraithmark » LordZetana i was gomma ,ake something exactly same
[18:38:58] [Render thread/INFO]: [System] [CHAT] SswansS joined the game
[18:39:00] [Render thread/INFO]: [System] [CHAT] [❤][☆✦][TheFallen] LordZetana » We're placing plots for buildings first Wraithmark
[18:39:05] [Render thread/INFO]: [System] [CHAT] [Member] BloxminE_YT » kiree ariyan?
[18:39:06] [Render thread/INFO]: [System] [CHAT]            Player Ad by zyadplays61           
[18:39:06] [Render thread/INFO]: [System] [CHAT]  » buying orecollector or pick a boo for 40mil bal. /msg me(if im online) or /mail me zyadplays61
[18:39:06] [Render thread/INFO]: [System] [CHAT]                                                             
[18:39:08] [Render thread/INFO]: [System] [CHAT] [❤][☆✦][TheFallen] LordZetana » all sqaures and stuff
[18:39:08] [Render thread/INFO]: [System] [CHAT] [❤][✦][MVP] Wraithmark » LordZetana my AI map is same as this
[18:39:10] [Render thread/INFO]: [System] [CHAT] [Member] BloxminE_YT » tp de
[18:39:13] [Render thread/INFO]: [System] [CHAT] [❤][☆✦][TheFallen] LordZetana » XD NAH Wraithmark
[18:39:13] [Render thread/INFO]: [System] [CHAT] Jojo_123 died because of Herobrine
[18:39:16] [Render thread/INFO]: [System] [CHAT] [✦][Pro] DARK_SHADOWX » ForestZ tell
[18:39:16] [Render thread/INFO]: [System] [CHAT] [Member] ForestZ » i made the banners u showed me pixel by pixel
[18:39:22] [Render thread/INFO]: [System] [CHAT] [❤][☆✦][TheFallen] LordZetana » So its tuff ? Wraithmark
[18:39:29] [Render thread/INFO]: [System] [CHAT] [❤][✦][MVP] Wraithmark » LordZetana ill send u on dc
[18:39:32] [Render thread/INFO]: [System] [CHAT] haribek3535 left the game
[18:39:38] [Render thread/INFO]: [System] [CHAT] [✦][Pro] DARK_SHADOWX » ForestZ ik u took ssc for making them
[18:39:40] [Render thread/INFO]: [System] [CHAT] [❤][✦][MVP] Wraithmark » LordZetana its too tuff i didnt worked on it
[18:39:46] [Render thread/INFO]: [System] [CHAT] [❤][☆✦][TheFallen] LordZetana » :skull:
[18:39:47] [Render thread/INFO]: [System] [CHAT] [❤][☆✦][TheFallen] LordZetana » dang
[18:39:49] [Render thread/INFO]: [System] [CHAT] [❤][✦][MVP] Wraithmark » LordZetana i just made small area
[18:39:49] [Render thread/INFO]: [System] [CHAT] VNK_Quan joined the game
[18:39:50] [Render thread/INFO]: [System] [CHAT] Warping to bossfight.
[18:39:50] [Render thread/INFO]: [System] [CHAT] Teleportation will commence in 3 seconds, don't move.
[18:39:52] [Render thread/INFO]: [System] [CHAT] [❤][☆][Member] MOLITOVEC » Ｈello Ｗraithmark
[18:39:53] [Render thread/INFO]: [System] [CHAT] Teleporting...
[18:39:57] [Render thread/INFO]: [System] [CHAT] [❤][☆✦][TheFallen] LordZetana » this is just 1 state :skull: Wraithmark
[18:39:57] [Render thread/INFO]: [System] [CHAT] [❤][✦][MVP] Wraithmark » MOLITOVEC Hi
[18:40:02] [Render thread/INFO]: [System] [CHAT] [MVP] DingleBees » does slime blocks and sticky pistons not stick to eachother?
[18:40:06] [Render thread/INFO]: [System] [CHAT] Sincere_ly joined the game
[18:40:07] [Render thread/INFO]: [System] [CHAT] [Member] ForestZ » uh whats ssc
[18:40:11] [Render thread/INFO]: [System] [CHAT] veonicks left the game
[18:40:12] [Render thread/INFO]: [System] [CHAT] Hey! Sorry, but you can't place that block here.
[18:40:13] [Render thread/INFO]: [System] [CHAT] Hey! Sorry, but you can't place that block here.
[18:40:14] [Render thread/INFO]: [System] [CHAT] Hey! Sorry, but you can't place that block here.
[18:40:14] [Render thread/INFO]: [System] [CHAT] Use the /back to return to location of your death or use /back location to just get coordinates.
[18:40:14] [Render thread/INFO]: [System] [CHAT] NezarFB died because of Herobrine
[18:40:17] [Render thread/INFO]: [System] [CHAT] [❤][✦][MVP] Wraithmark » LordZetana you will need alot of workers and i think still it wont complete
[18:40:18] [Render thread/INFO]: [System] [CHAT] [✦][Pro] DARK_SHADOWX » ForestZ screen chorts
[18:40:19] [Render thread/INFO]: [System] [CHAT] veonicks joined the game
[18:40:19] [Render thread/INFO]: [System] [CHAT] Warping to bossfight.
[18:40:19] [Render thread/INFO]: [System] [CHAT] Teleportation will commence in 3 seconds, don't move.
[18:40:19] [Render thread/INFO]: [System] [CHAT] Plela_2005 left the game
[18:40:20] [Render thread/INFO]: [System] [CHAT] [✦][Pro] DARK_SHADOWX » ForestZ screen shorts
[18:40:22] [Render thread/INFO]: [System] [CHAT] Teleporting...
[18:40:22] [Render thread/INFO]: [System] [CHAT] Saraw_____ joined the game
[18:40:22] [Render thread/WARN]: Received passengers for unknown entity
[18:40:22] [Render thread/WARN]: Received passengers for unknown entity
[18:40:22] [Render thread/WARN]: Received passengers for unknown entity
[18:40:22] [Render thread/WARN]: Received passengers for unknown entity
[18:40:22] [Render thread/WARN]: Received passengers for unknown entity
[18:40:23] [Render thread/INFO]: [System] [CHAT] Usageur9 left the game
[18:40:23] [Render thread/INFO]: [System] [CHAT] [Bounties] » There are currently 1 active bounties, check them at /bounty list
[18:40:23] [Render thread/INFO]: [System] [CHAT] [Bounties] » There are currently 1 active bounties, check them at /bounty list
[18:40:27] [Render thread/INFO]: [System] [CHAT] [❤][☆][Member] MOLITOVEC » atleast im workers
[18:40:27] [Render thread/INFO]: [System] [CHAT] Usageur9 joined the game
[18:40:29] [Render thread/INFO]: [System] [CHAT] [Member] BloxminE_YT » oioi tp de
[18:40:41] [Render thread/INFO]: [System] [CHAT] [Member] ForestZ » i acctually just took a picture of the list
[18:40:43] [Render thread/INFO]: [System] [CHAT] [Member] ForestZ » lists
[18:40:47] [Render thread/INFO]: [System] [CHAT] Teleportation will commence in 3 seconds, don't move.
[18:40:49] [Render thread/INFO]: [System] [CHAT] veonicks left the game
[18:40:50] [Render thread/INFO]: [System] [CHAT] [Member] ForestZ » for each banner
[18:40:50] [Render thread/INFO]: [System] [CHAT] Teleporting...
[18:40:51] [Render thread/INFO]: [System] [CHAT] [✦][Pro] DARK_SHADOWX » ForestZ ik bro
[18:40:51] [Render thread/INFO]: [System] [CHAT] zyadplays61 joined the game
[18:40:51] [Render thread/INFO]: [System] [CHAT] [❤][☆✦][TheFallen] LordZetana » Wraithmark :D
[18:40:52] [Render thread/INFO]: [System] [CHAT] [❤][☆✦][TheFallen] LordZetana » u see
[18:40:55] [Render thread/INFO]: [System] [CHAT] [❤][☆✦][TheFallen] LordZetana » its a Medieval State
[18:40:55] [Render thread/INFO]: [System] [CHAT] aLiAbIdI has requested to teleport to you, type /tpyes to accept or /tpno to deny teleport request. This request will expire after 120 seconds. 
[18:40:55] [Render thread/INFO]: [System] [CHAT] infestedlegione joined the game
[18:40:57] [Render thread/INFO]: [System] [CHAT] [Member] ForestZ » alr
[18:40:57] [Render thread/INFO]: [System] [CHAT] [❤][✦][MVP] Wraithmark » LordZetana tbh
[18:41:00] [Render thread/INFO]: [System] [CHAT] tarlisdu left the game
[18:41:02] [Render thread/INFO]: [System] [CHAT] [❤][✦][MVP] Wraithmark » LordZetana lemme show u
[18:41:04] [Render thread/INFO]: [System] [CHAT] Jojo_123 died because of Herobrine
[18:41:04] [Render thread/INFO]: [System] [CHAT] [✦][Pro] DARK_SHADOWX » ForestZ bye i ahve more
[18:41:06] [Render thread/INFO]: [System] [CHAT] [❤][☆][Member] MOLITOVEC » Ｗraithmark im workers tho
[18:41:13] [Render thread/INFO]: [System] [CHAT] Use the /back to return to location of your death or use /back location to just get coordinates.
[18:41:13] [Render thread/INFO]: [System] [CHAT] NezarFB fell from a high place
[18:41:14] [Render thread/INFO]: [System] [CHAT] [Member] ForestZ » alr
[18:41:17] [Render thread/INFO]: [System] [CHAT] [❤][☆][Member] MOLITOVEC » Ｗ is different
[18:41:17] [Render thread/INFO]: [System] [CHAT] Teleportation will commence in 3 seconds, don't move.
[18:41:20] [Render thread/INFO]: [System] [CHAT] Teleporting...
[18:41:20] [Render thread/WARN]: Received passengers for unknown entity
[18:41:20] [Render thread/WARN]: Received passengers for unknown entity
[18:41:20] [Render thread/WARN]: Received passengers for unknown entity
[18:41:20] [Render thread/WARN]: Received passengers for unknown entity
[18:41:21] [Render thread/INFO]: [System] [CHAT] [❤][☆✦][TheFallen] LordZetana » den houses, Adventurer Guilds ( anime type tpa for skin comp ) , Apartments, Resturants, Shops Wraithmark
[18:41:21] [Render thread/INFO]: [System] [CHAT] You do not have a pending request.
[18:41:25] [Render thread/INFO]: [System] [CHAT] [❤][☆✦][TheFallen] LordZetana » that's all in this state
[18:41:31] [Render thread/INFO]: [System] [CHAT] aLiAbIdI has requested to teleport to you, type /tpyes to accept or /tpno to deny teleport request. This request will expire after 120 seconds. 
[18:41:33] [Render thread/INFO]: [System] [CHAT] Teleportation will commence in 3 seconds.
[18:41:36] [Render thread/INFO]: [System] [CHAT] Attempting to teleport aLiAbIdI to you!
[18:41:39] [Render thread/INFO]: [System] [CHAT] [Member] Usageur9 » MOLITOVEC u italian?
[18:41:40] [Render thread/INFO]: [System] [CHAT] [Supporter] zyadplays61 » e
[18:41:43] [Render thread/INFO]: [System] [CHAT] [❤][☆][Member] MOLITOVEC » Usageur9 No
[18:41:49] [Render thread/INFO]: [System] [CHAT] [❤][✦][MVP] Wraithmark » LordZetana Damn its too long planning
[18:41:49] [Render thread/INFO]: [System] [CHAT] [Member] Usageur9 » i mean france?
[18:41:53] [Render thread/INFO]: [System] [CHAT] So3 joined the game
[18:41:55] [Render thread/INFO]: [System] [CHAT] [❤][✦][MVP] Wraithmark » LordZetana you got workers?
[18:41:58] [Render thread/INFO]: [System] [CHAT] cantfeelmyface joined the game
[18:41:58] [Render thread/INFO]: [System] [CHAT] [❤][☆✦][TheFallen] LordZetana » yes Wraithmark
[18:41:59] [Render thread/INFO]: [System] [CHAT] [❤][☆][Member] MOLITOVEC » W
[18:41:59] [Render thread/INFO]: [System] [CHAT] [Supporter] zyadplays61 » Wraithmark you have eff7 pickaxe?
[18:42:00] [Render thread/INFO]: [System] [CHAT] [❤][☆✦][TheFallen] LordZetana » :D
[18:42:02] [Render thread/INFO]: [System] [CHAT] markpipez joined the game
[18:42:02] [Render thread/INFO]: [System] [CHAT] Jojo_123 left the game
[18:42:05] [Render thread/INFO]: [System] [CHAT] Jojo_123 joined the game
[18:42:05] [Render thread/INFO]: [System] [CHAT] [❤][✦][MVP] Wraithmark » zyadplays61 no
[18:42:07] [Render thread/INFO]: [System] [CHAT] nepeer_sho joined the game
[18:42:09] [Render thread/INFO]: [System] [CHAT] [❤][✦][MVP] Wraithmark » LordZetana come
[18:42:10] [Render thread/INFO]: [System] [CHAT] [Supporter] zyadplays61 » Wraithmark bruh
[18:42:15] [Render thread/INFO]: [System] [CHAT] [❤][✦][MVP] Wraithmark » ?
[18:42:35] [Render thread/INFO]: [System] [CHAT] [❤][☆✦][TheFallen] LordZetana » whoops
[18:42:38] [Render thread/INFO]: [System] [CHAT] [Shop] » You just bought 1x [Shredded] Pickaxe for 1,500.00 Shards.
[18:42:38] [Render thread/INFO]: [System] [CHAT] [❤][☆][Member] MOLITOVEC » commercial sector?
[18:42:42] [Render thread/INFO]: [System] [CHAT] [❤][☆✦][TheFallen] LordZetana » Wraithmark tpa overlock
[18:42:43] [Render thread/INFO]: [System] [CHAT] Goodbye JJARCANE_...
[18:42:45] [Render thread/INFO]: [System] [CHAT] [❤][✦][MVP] Wraithmark » LordZetana this is small
[18:42:46] [Render thread/INFO]: [System] [CHAT] [❤][☆✦][TheFallen] LordZetana » *overwrite
[18:42:47] [Render thread/INFO]: [System] [CHAT] kosapop left the game
[18:42:55] [Render thread/INFO]: [System] [CHAT] [❤][☆✦][TheFallen] LordZetana » fly trust
[18:42:59] [Render thread/INFO]: [System] [CHAT] JJARCANE_ the great joined the game.
[18:42:59] [Render thread/INFO]: [System] [CHAT] [❤][☆✦][TheFallen] LordZetana » Is that
[18:43:01] [Render thread/INFO]: [System] [CHAT] [❤][☆✦][TheFallen] LordZetana » an OP
[18:43:02] [Render thread/INFO]: [System] [CHAT] [❤][☆✦][TheFallen] LordZetana » GATE
[18:43:03] [Render thread/INFO]: [System] [CHAT] [✦][Pro] DARK_SHADOWX » JJARCANE_ bro
[18:43:05] [Render thread/INFO]: [System] [CHAT] cantfeelmyface left the game
[18:43:05] [Render thread/INFO]: [System] [CHAT] 
[18:43:05] [Render thread/INFO]: [System] [CHAT]  || Vote for us and get Vote Keys every day!
[18:43:05] [Render thread/INFO]: [System] [CHAT]  || Go to: https://www.extremecraft.net/vote/ *click*
[18:43:05] [Render thread/INFO]: [System] [CHAT] 
[18:43:06] [Render thread/INFO]: [System] [CHAT] [❤][☆✦][TheFallen] LordZetana » 0.0
[18:43:12] [Render thread/INFO]: [System] [CHAT] [✦][LoneWolf] JJARCANE_ » DARK_SHADOWX ?
[18:43:16] [Render thread/INFO]: [System] [CHAT] [❤][☆✦][TheFallen] LordZetana » Gang
[18:43:19] [Render thread/INFO]: [System] [CHAT] [❤][☆][Member] MOLITOVEC » Woah
[18:43:26] [Render thread/INFO]: [System] [CHAT] [❤][✦][MVP] Wraithmark » LordZetana dont have workers
[18:43:32] [Render thread/INFO]: [System] [CHAT] [✦][Pro] DARK_SHADOWX » JJARCANE_ where i store potato
[18:43:35] [Render thread/INFO]: [System] [CHAT] [❤][☆✦][TheFallen] LordZetana » this the kinda thing Wraithmark
[18:43:35] [Render thread/INFO]: [System] [CHAT] VinsterplaysYT joined the game
[18:43:39] [Render thread/INFO]: [System] [CHAT] [❤][☆][Member] MOLITOVEC » Wraithmark this cool base
[18:43:41] [Render thread/INFO]: [System] [CHAT] [❤][☆✦][TheFallen] LordZetana » only that
[18:43:46] [Render thread/INFO]: [System] [CHAT] [Member] emax » YOO
[18:43:47] [Render thread/INFO]: [System] [CHAT] [✦][LoneWolf] JJARCANE_ » DARK_SHADOWX storage section
[18:43:55] [Render thread/INFO]: [System] [CHAT] [❤][☆✦][TheFallen] LordZetana » the states 200 x 600 in size Wraithmark
[18:43:56] [Render thread/INFO]: [System] [CHAT] [❤][✦][MVP] Wraithmark » LordZetana which one
[18:43:59] [Render thread/INFO]: [System] [CHAT] [Member] BloxminE_YT » permission nai
[18:43:59] [Render thread/INFO]: [System] [CHAT] [❤][☆✦][TheFallen] LordZetana » so its bigger than this
[18:44:01] [Render thread/INFO]: [System] [CHAT] [❤][☆✦][TheFallen] LordZetana » i think
[18:44:05] [Render thread/INFO]: [System] [CHAT] [✦][Pro] DARK_SHADOWX » JJARCANE_ its full cuz mine storage is too small
[18:44:06] [Render thread/INFO]: [System] [CHAT]               Player Ad by Dumbeeb              
[18:44:06] [Render thread/INFO]: [System] [CHAT]  » Sell vote keys for 185k each! limited time price at /pwarp v Raise
[18:44:06] [Render thread/INFO]: [System] [CHAT]                                                             
[18:44:08] [Render thread/INFO]: [System] [CHAT] [Member] emax » someone broke armor stands and i did thewm
[18:44:11] [Render thread/INFO]: [System] [CHAT] [❤][☆✦][TheFallen] LordZetana » this thing u did
[18:44:16] [Render thread/INFO]: [System] [CHAT] [✦][LoneWolf] JJARCANE_ » DARK_SHADOWX i will make another for you
[18:44:16] [Render thread/INFO]: [System] [CHAT] RejoicE left the game
[18:44:16] [Render thread/INFO]: [System] [CHAT] [❤][☆✦][TheFallen] LordZetana » exactly how i envision it
[18:44:18] [Render thread/INFO]: [System] [CHAT] [❤][☆✦][TheFallen] LordZetana » ;-;
[18:44:30] [Render thread/INFO]: [System] [CHAT] [❤][✦][MVP] Wraithmark » LordZetana same thoughts hehe
[18:44:32] [Render thread/INFO]: [System] [CHAT] [❤][☆✦][TheFallen] LordZetana » You wanna help build ? Wraithmark
[18:44:35] [Render thread/INFO]: [System] [CHAT]                       ReactionGame                      
[18:44:35] [Render thread/INFO]: [System] [CHAT]  » A new ChatGame started!
[18:44:35] [Render thread/INFO]: [System] [CHAT]  » Click this text!
[18:44:35] [Render thread/INFO]: [System] [CHAT]                                                             
[18:44:37] [Render thread/INFO]: [System] [CHAT] [✦][Pro] DARK_SHADOWX » JJARCANE_ anh when i make potato farm them make there
[18:44:40] [Render thread/INFO]: [System] [CHAT] RejoicE joined the game
[18:44:40] [Render thread/INFO]: [System] [CHAT] [ChatGames] » LordZetana reacted first in 4.516 seconds!
[18:44:40] [Render thread/INFO]: [System] [CHAT] [ChatGames] » Check out leaderboards with /chatgames top
[18:44:45] [Render thread/INFO]: [System] [CHAT] [❤][✦][MVP] Wraithmark » LordZetana my builds also stopped lmao
[18:44:48] [Render thread/INFO]: [System] [CHAT] haribek3535 joined the game
[18:44:49] [Render thread/INFO]: [System] [CHAT] buildtillidie joined the game
[18:44:51] [Render thread/INFO]: [System] [CHAT] [❤][☆✦][TheFallen] LordZetana » :skull"
[18:44:52] [Render thread/INFO]: [System] [CHAT] [❤][☆✦][TheFallen] LordZetana » ight
[18:44:55] [Render thread/INFO]: [System] [CHAT] [✦][Pro] DARK_SHADOWX » JJARCANE_ tp to me
[18:44:59] [Render thread/INFO]: [System] [CHAT] [❤][✦][MVP] Wraithmark » i aint builder anymore
[18:45:04] [Render thread/INFO]: [System] [CHAT] [✦][LoneWolf] JJARCANE_ » DARK_SHADOWX im working rn later
[18:45:04] [Render thread/INFO]: [System] [CHAT] [❤][☆✦][TheFallen] LordZetana » :o
[18:45:08] [Render thread/INFO]: [System] [CHAT] makeit234 left the game
[18:45:19] [Render thread/INFO]: [System] [CHAT] [❤][✦][MVP] Wraithmark » LordZetana here i was asking you for pvp
[18:45:25] [Render thread/INFO]: [System] [CHAT] [❤][☆✦][TheFallen] LordZetana » ahhh
[18:45:27] [Render thread/INFO]: [System] [CHAT] [❤][☆✦][TheFallen] LordZetana » ew
[18:45:28] [Render thread/INFO]: [System] [CHAT] [❤][☆✦][TheFallen] LordZetana » color
[18:45:29] [Render thread/INFO]: [System] [CHAT] [❤][☆✦][TheFallen] LordZetana » T-T
[18:45:34] [Render thread/INFO]: [System] [CHAT] [Member] emax » how many got
[18:45:35] [Render thread/INFO]: [System] [CHAT] [❤][✦][MVP] Wraithmark » ?
[18:45:37] [Render thread/INFO]: [System] [CHAT] [CombatTag] » You have engaged in combat. Type /ct to check your timer.
[18:45:37] [Render thread/INFO]: [System] [CHAT] [❤][☆][Member] MOLITOVEC » LordZetana man i cnat find u
[18:45:37] [Render thread/INFO]: [System] [CHAT] [Member] emax » shard
[18:45:38] [Render thread/INFO]: [System] [CHAT] [❤][☆✦][TheFallen] LordZetana » what color suits this title Wraithmark
[18:45:39] [Render thread/INFO]: [System] [CHAT] [❤][☆][Member] MOLITOVEC » nvm
[18:45:41] [Render thread/INFO]: [System] [CHAT] [✦][Pro] DARK_SHADOWX » JJARCANE_ ok 1 thing tp me to ur potato storage and give me trust there
[18:45:43] [Render thread/INFO]: [System] [CHAT] beeraa left the game
[18:45:46] [Render thread/INFO]: [System] [CHAT] [✦][Pro] DARK_SHADOWX » JJARCANE_ tpo amke farm
[18:45:48] [Render thread/INFO]: [System] [CHAT] [CombatTag] » Gliding is disabled in combat.
[18:45:50] [Render thread/INFO]: [System] [CHAT] [CombatTag] » Gliding is disabled in combat.
[18:45:52] [Render thread/INFO]: [System] [CHAT] [CombatTag] » Gliding is disabled in combat.
[18:45:53] [Render thread/INFO]: [System] [CHAT] [CombatTag] » Gliding is disabled in combat.
[18:45:56] [Render thread/INFO]: [System] [CHAT] [CombatTag] » Gliding is disabled in combat.
[18:45:57] [Render thread/INFO]: [System] [CHAT] [CombatTag] » You are not longer in combat!
[18:46:04] [Render thread/INFO]: [System] [CHAT] [Member] emax » how many shards do you have
[18:46:05] [Render thread/INFO]: [System] [CHAT] [❤][✦][MVP] Wraithmark » LordZetana The fallen?
[18:46:08] [Render thread/INFO]: [System] [CHAT] [❤][☆✦][TheFallen] LordZetana » yeah
[18:46:10] [Render thread/INFO]: [System] [CHAT] [❤][☆✦][TheFallen] LordZetana » in /colors
[18:46:14] [Render thread/INFO]: [System] [CHAT] STATIC2004 joined the game
[18:46:20] [Render thread/INFO]: [System] [CHAT] [✦][Pro] DARK_SHADOWX » JJARCANE_ trust me on storage
[18:46:22] [Render thread/INFO]: [System] [CHAT] _Xempo_ joined the game
[18:46:23] [Render thread/INFO]: [System] [CHAT] [❤][☆✦][TheFallen] LordZetana » Idh access to any special colors Wraithmark
[18:46:24] [Render thread/INFO]: [System] [CHAT] [❤][☆✦][TheFallen] LordZetana » ;o
[18:46:27] [Render thread/INFO]: [System] [CHAT] [✦][Pro] DARK_SHADOWX » JJARCANE_ thnx
[18:46:28] [Render thread/INFO]: [System] [CHAT] [❤][☆✦][TheFallen] LordZetana » me stil at Pro rank
[18:46:30] [Render thread/INFO]: [System] [CHAT] [❤][☆✦][TheFallen] LordZetana » t-t
[18:46:30] [Render thread/INFO]: [System] [CHAT] Witchdocter2424 left the game
[18:46:35] [Render thread/INFO]: [System] [CHAT] [❤][☆✦][TheFallen] LordZetana » _Xempo_ :D
[18:46:43] [Render thread/INFO]: [System] [CHAT] [❤][✦][Pro] _Xempo_ » LordZetana helloo
[18:46:44] [Render thread/INFO]: [System] [CHAT] [❤][✦][MVP] Wraithmark » LordZetana for me ig &8
[18:46:48] [Render thread/INFO]: [System] [CHAT] [❤][☆✦][TheFallen] LordZetana » ight
[18:46:54] [Render thread/INFO]: [System] [CHAT] aswe124 joined the game
[18:46:55] [Render thread/INFO]: [System] [CHAT] [❤][☆✦][TheFallen] LordZetana » hmm
[18:46:56] [Render thread/INFO]: [System] [CHAT] [❤][☆][Member] MOLITOVEC » LordZetana ur skin is on hair with hat or cap?
[18:46:57] [Render thread/INFO]: [System] [CHAT] [❤][☆✦][TheFallen] LordZetana » OO
[18:46:58] [Render thread/INFO]: [System] [CHAT] [Member] emax » how many shards you got
[18:46:58] [Render thread/INFO]: [System] [CHAT] [❤][☆✦][TheFallen] LordZetana » YEAH
[18:46:59] [Render thread/INFO]: [System] [CHAT] [❤][☆✦][TheFallen] LordZetana » YE
[18:47:01] [Render thread/INFO]: [System] [CHAT] [❤][☆✦][TheFallen] LordZetana » YES
[18:47:02] [Render thread/INFO]: [System] [CHAT] lights_out left the game
[18:47:06] [Render thread/INFO]: [System] [CHAT] Spam_Cross joined the game
[18:47:07] [Render thread/INFO]: [System] [CHAT] gencolt joined the game
[18:47:10] [Render thread/INFO]: [System] [CHAT] [❤][✦][MVP] Wraithmark » LordZetana not bad
[18:47:12] [Render thread/INFO]: [System] [CHAT] [❤][☆✦][TheFallen] LordZetana » hair MOLITOVEC
[18:47:13] [Render thread/INFO]: [System] [CHAT] [❤][☆✦][TheFallen] LordZetana » yeah
[18:47:14] [Render thread/INFO]: [System] [CHAT] Bigguy00 joined the game
[18:47:15] [Render thread/INFO]: [System] [CHAT] [Member] BloxminE_YT » oi ariyan permission nai
[18:47:15] [Render thread/INFO]: [System] [CHAT] [❤][☆✦][TheFallen] LordZetana » not to dark
[18:47:16] [Render thread/INFO]: [System] [CHAT] ATomX left the game
[18:47:17] [Render thread/INFO]: [System] [CHAT] [❤][☆✦][TheFallen] LordZetana » not too bright
[18:47:21] [Render thread/INFO]: [System] [CHAT] [❤][☆][Member] MOLITOVEC » LordZetana yo what is ur rank
[18:47:23] [Render thread/INFO]: [System] [CHAT] [Member] AriyanxXx » Afnan13 kireeee
[18:47:23] [Render thread/INFO]: [System] [CHAT] [❤][☆✦][TheFallen] LordZetana » blends with all biomes
[18:47:26] [Render thread/INFO]: [System] [CHAT] [❤][☆✦][TheFallen] LordZetana » this color fits
[18:47:27] [Render thread/INFO]: [System] [CHAT] [❤][☆][Member] MOLITOVEC » and how can u even change skin
[18:47:37] [Render thread/INFO]: [System] [CHAT] [❤][☆✦][TheFallen] LordZetana » MOLITOVEC Pro Rank, u change skin with /skin set
[18:47:38] [Render thread/INFO]: [System] [CHAT] Error: Player is not online.
[18:47:40] [Render thread/INFO]: [System] [CHAT] Request sent to aLiAbIdI. 
[18:47:42] [Render thread/INFO]: [System] [CHAT] [❤][☆✦][TheFallen] LordZetana » ;-;
[18:47:50] [Render thread/INFO]: [System] [CHAT] [❤][☆][Member] MOLITOVEC » LordZetana can u /compasstracker opgamer?
[18:47:56] [Render thread/INFO]: [System] [CHAT] [❤][☆✦][TheFallen] LordZetana » what's that
[18:48:00] [Render thread/INFO]: [System] [CHAT] DARK_SHADOWX left the game
[18:48:02] [Render thread/INFO]: [System] [CHAT] Request sent to aLiAbIdI. 
[18:48:08] [Render thread/INFO]: [System] [CHAT] Teleportation will commence in 3 seconds, don't move.
[18:48:11] [Render thread/INFO]: [System] [CHAT] Attempting to teleport...
[18:48:11] [Render thread/INFO]: [System] [CHAT] Teleporting...
[18:48:24] [Render thread/INFO]: [System] [CHAT] nolann_833 joined the game
[18:48:27] [Render thread/INFO]: [System] [CHAT] [❤][✦][MVP] Wraithmark » MOLITOVEC your Boy not online
[18:48:27] [Render thread/INFO]: [System] [CHAT] Jemilo17 joined the game
[18:48:36] [Render thread/INFO]: [System] [CHAT] [❤][☆][Member] MOLITOVEC » ik Wraithmark
[18:48:37] [Render thread/INFO]: [System] [CHAT] [❤][✦][MVP] Wraithmark » MOLITOVEC what if i killed you here
[18:48:44] [Render thread/INFO]: [System] [CHAT] [❤][✦][MVP] Wraithmark » kidding
[18:48:46] [Render thread/INFO]: [System] [CHAT] [Member] BloxminE_YT » oi ariyan
[18:48:56] [Render thread/INFO]: [System] [CHAT] [❤][☆][Member] MOLITOVEC » 1v4 bodyguard is handle empire LordZetana tho
[18:48:57] [Render thread/INFO]: [System] [CHAT] [Member] emax » come here rq
[18:48:59] [Render thread/INFO]: [System] [CHAT] Jemilo17 left the game
[18:49:05] [Render thread/INFO]: [System] [CHAT]  »  Need help from higher staff?
[18:49:05] [Render thread/INFO]: [System] [CHAT]  »  You can open a support ticket on our website!
[18:49:05] [Render thread/INFO]: [System] [CHAT]  » https://www.extremecraft.net/tickets/
[18:49:05] [Render thread/INFO]: [System] [CHAT]  »  We'll assist you as soon as possible!
[18:49:05] [Render thread/INFO]: [System] [CHAT] [Member] AriyanxXx » BloxminE_YT KI
[18:49:06] [Render thread/INFO]: [System] [CHAT]             Player Ad by thedamiond            
[18:49:06] [Render thread/INFO]: [System] [CHAT]  » Lf bh chestplate buying for 7.5m-8m
[18:49:06] [Render thread/INFO]: [System] [CHAT]                                                             
[18:49:06] [Render thread/INFO]: [System] [CHAT] nolann_833 left the game
[18:49:10] [Render thread/INFO]: [System] [CHAT] [❤][✦][MVP] Wraithmark » MOLITOVEC so what?
[18:49:19] [Render thread/INFO]: [System] [CHAT] Spam_Cross died because of Herobrine
[18:49:23] [Render thread/INFO]: [System] [CHAT] Jojo_123 was slain by Herobrine
[18:49:31] [Render thread/INFO]: [System] [CHAT] [❤][☆✦][TheFallen] LordZetana » I
[18:49:32] [Render thread/INFO]: [System] [CHAT] [❤][☆✦][TheFallen] LordZetana » was
[18:49:32] [Render thread/INFO]: [System] [CHAT] [❤][✦][Pro] _Xempo_ » invis trash
[18:49:33] [Render thread/INFO]: [System] [CHAT] [❤][☆✦][TheFallen] LordZetana » AFK
[18:49:35] [Render thread/INFO]: [System] [CHAT] [❤][☆✦][TheFallen] LordZetana » can came back
[18:49:38] [Render thread/INFO]: [System] [CHAT] [❤][☆][Member] MOLITOVEC » were you hitting?
[18:49:39] [Render thread/INFO]: [System] [CHAT] [❤][☆✦][TheFallen] LordZetana » *came back
[18:49:39] [Render thread/INFO]: [System] [CHAT] vyom joined the game
[18:49:43] [Render thread/INFO]: [System] [CHAT] [❤][☆✦][TheFallen] LordZetana » and got totem pop
[18:49:44] [Render thread/INFO]: [System] [CHAT] [❤][☆][Member] MOLITOVEC » also i popped ur totem
[18:49:46] [Render thread/INFO]: [System] [CHAT] [❤][✦][MVP] Wraithmark » LordZetana i did nothing lmao
[18:49:49] [Render thread/INFO]: [System] [CHAT] [❤][☆✦][TheFallen] LordZetana » yeah I saw MOLITOVEC
[18:49:51] [Render thread/INFO]: [System] [CHAT] [❤][☆][Member] MOLITOVEC » take two
[18:49:51] [Render thread/INFO]: [System] [CHAT] RejoicE left the game
[18:49:53] [Render thread/INFO]: [System] [CHAT] Jojo_123 died because of Herobrine
[18:49:57] [Render thread/INFO]: [System] [CHAT] RejoicE joined the game
[18:49:57] [Render thread/INFO]: [System] [CHAT] [❤][☆✦][TheFallen] LordZetana » what's /compasstracker ?
[18:50:03] [Render thread/INFO]: [System] [CHAT] [❤][☆][Member] MOLITOVEC » oh well
[18:50:09] [Render thread/INFO]: [System] [CHAT] [❤][☆✦][TheFallen] LordZetana » The featur is currently disabled MOLITOVEC
[18:50:10] [Render thread/INFO]: [System] [CHAT] [❤][☆][Member] MOLITOVEC » its feature disabled
[18:50:10] [Render thread/INFO]: [System] [CHAT] [❤][☆][Member] MOLITOVEC » FAH
[18:50:12] [Render thread/INFO]: [System] [CHAT] [❤][☆✦][TheFallen] LordZetana » ye
[18:50:17] [Render thread/INFO]: [System] [CHAT] [❤][✦][MVP] Wraithmark » LordZetana and /invisibility
[18:50:18] [Render thread/INFO]: [System] [CHAT] [❤][☆][Member] MOLITOVEC » what about compass?
[18:50:24] [Render thread/INFO]: [System] [CHAT] [❤][☆✦][TheFallen] LordZetana » Nope
[18:50:29] [Render thread/INFO]: [System] [CHAT] [❤][☆✦][TheFallen] LordZetana » im just pro rank :D
[18:50:29] [Render thread/INFO]: [System] [CHAT] [❤][☆][Member] MOLITOVEC » there ./compass
[18:50:32] [Render thread/INFO]: [System] [CHAT] [❤][✦][MVP] Wraithmark » LordZetana and /invisibility?
[18:50:35] [Render thread/INFO]: [System] [CHAT] aswe124 left the game
[18:50:48] [Render thread/INFO]: [System] [CHAT] [❤][☆✦][TheFallen] LordZetana » Im Pro rank Wraithmark , it needs Legend upwards
[18:50:55] [Render thread/INFO]: [System] [CHAT] [❤][✦][MVP] Wraithmark » oh ok
[18:51:05] [Render thread/INFO]: [System] [CHAT] 
[18:51:05] [Render thread/INFO]: [System] [CHAT]  || Vote for us and get Vote Keys every day!
[18:51:05] [Render thread/INFO]: [System] [CHAT]  || Go to: https://www.extremecraft.net/vote/ *click*
[18:51:05] [Render thread/INFO]: [System] [CHAT] 
[18:51:06] [Render thread/INFO]: [System] [CHAT] [❤][☆][Member] MOLITOVEC » ?
[18:51:18] [Render thread/INFO]: [System] [CHAT] [❤][☆✦][TheFallen] LordZetana » Wraithmark naked 1v1 rn
[18:51:24] [Render thread/INFO]: [System] [CHAT] Request sent to aLiAbIdI. 
[18:51:26] [Render thread/INFO]: [System] [CHAT] [MVP] DingleBees » pistons getting destroyed when i use them? tf
[18:51:27] [Render thread/INFO]: [System] [CHAT] [❤][✦][MVP] Wraithmark » LordZetana lmao sure
[18:51:28] [Render thread/INFO]: [System] [CHAT] Captain_5555 left the game
[18:51:29] [Render thread/INFO]: [System] [CHAT] Teleportation will commence in 3 seconds, don't move.
[18:51:31] [Render thread/INFO]: [System] [CHAT] Teleporting...
[18:51:34] [Render thread/INFO]: [System] [CHAT] gencolt withered away
[18:51:40] [Render thread/INFO]: [System] [CHAT] Mining increased to 34.
[18:51:50] [Render thread/INFO]: [System] [CHAT] [❤][Voter] Dumbeeb » DingleBees u cant break stuff with piston
[18:51:56] [Render thread/INFO]: [System] [CHAT] [❤][✦][MVP] Wraithmark » lemme heal first
[18:51:58] [Render thread/INFO]: [System] [CHAT] [❤][☆✦][TheFallen] LordZetana » ight
[18:52:03] [Render thread/INFO]: [System] [CHAT] [MVP] DingleBees » Dumbeeb bruh
[18:52:10] [Render thread/INFO]: [System] [CHAT] [Member] nepeer_sho » r ha ptn nowёn
[18:52:12] [Render thread/INFO]: [System] [CHAT] Herbalism increased to 3.
[18:52:31] [Render thread/INFO]: [System] [CHAT] Home home set to current location.
[18:52:44] [Render thread/INFO]: [System] [CHAT] [❤][☆][Member] MOLITOVEC » Wraithmark how long u claimed this whole?
[18:52:57] [Render thread/INFO]: [System] [CHAT] gencolt was slain by Herobrine
[18:53:00] [Render thread/INFO]: [System] [CHAT] * Cobes615 is now AFK.
[18:53:04] [Render thread/INFO]: [System] [CHAT] Spam_Cross withered away
[18:53:12] [Render thread/INFO]: [System] [CHAT] vyom left the game
[18:53:12] [Render thread/INFO]: [System] [CHAT] [❤][☆✦][TheFallen] LordZetana » MOLITOVEC ;-;
[18:53:14] [Render thread/INFO]: [System] [CHAT] Spam_Cross left the game
[18:53:15] [Render thread/INFO]: [System] [CHAT] RejoicE left the game
[18:53:18] [Render thread/INFO]: [System] [CHAT] [❤][☆✦][TheFallen] LordZetana » MOLITOVEC ;-; its Me vs Wraithmark
[18:53:19] [Render thread/INFO]: [System] [CHAT] gencolt left the game
[18:53:20] [Render thread/INFO]: [System] [CHAT] RejoicE joined the game
[18:53:21] [Render thread/INFO]: [System] [CHAT] [❤][☆][Member] MOLITOVEC » ik
[18:53:22] [Render thread/INFO]: [System] [CHAT] [❤][✦][MVP] Wraithmark » MOLITOVEC i swear i dont wanna kill u
[18:53:23] [Render thread/INFO]: [System] [CHAT] Use the /back to return to location of your death or use /back location to just get coordinates.
[18:53:23] [Render thread/INFO]: [System] [CHAT] NezarFB hit the ground too hard
[18:53:25] [Render thread/INFO]: [System] [CHAT] [Member] nepeer_sho » het
[18:53:26] [Render thread/INFO]: [System] [CHAT] Bedthyme joined the game
[18:53:27] [Render thread/INFO]: [System] [CHAT] Teleportation will commence in 3 seconds, don't move.
[18:53:27] [Render thread/INFO]: [System] [CHAT] [❤][☆][Member] MOLITOVEC » i know Wraithmark
[18:53:30] [Render thread/INFO]: [System] [CHAT] Teleporting...
[18:53:30] [Render thread/WARN]: Received passengers for unknown entity
[18:53:30] [Render thread/WARN]: Received passengers for unknown entity
[18:53:30] [Render thread/WARN]: Received passengers for unknown entity
[18:53:30] [Render thread/WARN]: Received passengers for unknown entity
[18:53:33] [Render thread/INFO]: [System] [CHAT] TractorsRullz joined the game
[18:53:35] [Render thread/INFO]: [System] [CHAT] [❤][☆✦][TheFallen] LordZetana » ight lez go Wraithmark
[18:53:36] [Render thread/INFO]: [System] [CHAT] [❤][✦][MVP] Wraithmark » MOLITOVEC why you wanna?
[18:53:39] [Render thread/INFO]: [System] [CHAT] [❤][☆][Member] MOLITOVEC » because
[18:53:41] [Render thread/INFO]: [System] [CHAT] [❤][☆][Member] MOLITOVEC » i wanna pvp tho
[18:53:42] [Render thread/INFO]: [System] [CHAT] tobi_3z joined the game
[18:54:03] [Render thread/INFO]: [System] [CHAT] TractorsRullz left the game
[18:54:06] [Render thread/INFO]: [System] [CHAT]             Player Ad by LordZetana            
[18:54:06] [Render thread/INFO]: [System] [CHAT]  » Hiring Builders /mail send LordZetana or /mail send veonicks if ur interested
[18:54:06] [Render thread/INFO]: [System] [CHAT]                                                             
[18:54:18] [Render thread/INFO]: [System] [CHAT] [Member] emax » i need a book
[18:54:21] [Render thread/INFO]: [System] [CHAT] [Member] BloxminE_YT » oi ariyan food de golden apples
[18:54:31] [Render thread/INFO]: [System] [CHAT] wesplayzz joined the game
[18:54:36] [Render thread/INFO]: [System] [CHAT] MHMD5942 joined the game
[18:54:40] [Render thread/INFO]: [System] [CHAT] FL4MBUU joined the game
[18:54:41] [Render thread/INFO]: [System] [CHAT] Bedthyme left the game
[18:54:41] [Render thread/INFO]: [System] [CHAT] [Member] emax » ?:???
[18:54:49] [Render thread/INFO]: [System] [CHAT] [❤][☆✦][TheFallen] LordZetana » ayoo
[18:54:50] [Render thread/INFO]: [System] [CHAT] [❤][☆✦][TheFallen] LordZetana » ggs
[18:54:53] [Render thread/INFO]: [System] [CHAT] [Member] emax » ???"
[18:54:53] [Render thread/INFO]: [System] [CHAT] [❤][☆✦][TheFallen] LordZetana » and MOLITOVEC wth
[18:54:54] [Render thread/INFO]: [System] [CHAT] [❤][☆✦][TheFallen] LordZetana » ;-;
[18:54:56] [Render thread/INFO]: [System] [CHAT] wesplayzz left the game
[18:54:57] [Render thread/INFO]: [System] [CHAT] VIGABOND joined the game
[18:55:01] [Render thread/INFO]: [System] [CHAT] [❤][☆✦][TheFallen] LordZetana » You're this close to getting killed
[18:55:03] [Render thread/INFO]: [System] [CHAT] [❤][☆✦][TheFallen] LordZetana » t-t
[18:55:08] [Render thread/INFO]: [System] [CHAT] kajv11 joined the game
[18:55:09] [Render thread/INFO]: [System] [CHAT] [❤][☆][Member] MOLITOVEC » ik
[18:55:16] [Render thread/INFO]: [System] [CHAT] crusadeR_MaRk left the game
[18:55:19] [Render thread/INFO]: [System] [CHAT] [❤][☆✦][TheFallen] LordZetana » wait
[18:55:20] [Render thread/INFO]: [System] [CHAT] [❤][☆✦][TheFallen] LordZetana » afk
[18:55:21] [Render thread/INFO]: [System] [CHAT] [❤][Supporter] FL4MBUU » hi
[18:55:22] [Render thread/INFO]: [System] [CHAT] kajv11 left the game
[18:55:27] [Render thread/INFO]: [System] [CHAT] zyadplays61 left the game
[18:55:34] [Render thread/INFO]: [System] [CHAT] MHMD5942 left the game
[18:55:34] [Render thread/INFO]: [System] [CHAT] [❤][☆][Member] MOLITOVEC » Hiiihi FL4MBUU i missed you so much
[18:55:35] [Render thread/INFO]: [System] [CHAT] [❤][✦][MVP] Wraithmark » gtg
[18:55:35] [Render thread/INFO]: [System] [CHAT] [❤][☆][Member] MOLITOVEC » bestieee
[18:55:37] [Render thread/INFO]: [System] [CHAT] [❤][☆][Member] MOLITOVEC » my bestieee
[18:55:46] [Render thread/INFO]: [System] [CHAT] Wraithmark left the game
[18:55:51] [Render thread/INFO]: [System] [CHAT] Afnan13 fell from a high place
[18:56:00] [Render thread/INFO]: [System] [CHAT] itx_niko joined the game
[18:56:06] [Render thread/INFO]: [System] [CHAT] issy678 joined the game
[18:56:11] [Render thread/INFO]: [System] [CHAT] tobi_3z fell from a high place
[18:56:22] [Render thread/INFO]: [System] [CHAT] FL4MBUU left the game
[18:56:27] [Render thread/INFO]: [System] [CHAT] tobi_3z left the game
[18:56:32] [Render thread/INFO]: [System] [CHAT] Trickstersl left the game
[18:56:42] [Render thread/INFO]: [System] [CHAT] [Member] nepeer_sho » anёёё
[18:56:45] [Render thread/INFO]: [System] [CHAT] * daxboah is now AFK.
[18:57:07] [Render thread/INFO]: [System] [CHAT] [❤][☆✦][TheFallen] LordZetana » :d
[18:57:28] [Render thread/INFO]: [System] [CHAT] [❤][☆][Member] MOLITOVEC » what is this
[18:57:31] [Render thread/INFO]: [System] [CHAT] [❤][☆✦][TheFallen] LordZetana » MOLITOVEC I armor up, we 1v1
[18:57:32] [Render thread/INFO]: [System] [CHAT] [❤][☆✦][TheFallen] LordZetana » :D
[18:57:38] [Render thread/INFO]: [System] [CHAT] wemmbluu joined the game
[18:57:40] [Render thread/INFO]: [System] [CHAT] itx_niko left the game
[18:57:40] [Render thread/INFO]: [System] [CHAT] aLiAbIdI died because of Herobrine
[18:57:44] [Render thread/INFO]: [System] [CHAT] [❤][☆✦][TheFallen] LordZetana » MOLITOVEC /go pvp
[18:57:45] [Render thread/INFO]: [System] [CHAT] [❤][☆✦][TheFallen] LordZetana » rn
[18:57:47] [Render thread/INFO]: [System] [CHAT] Diakoyj joined the game
[18:57:49] [Render thread/INFO]: [System] [CHAT] [❤][☆][Member] MOLITOVEC » sure
[18:57:52] [Render thread/INFO]: [System] [CHAT] LordZetana left the game
[18:57:53] [Render thread/INFO]: [System] [CHAT] wemmbluu left the game
[18:58:08] [Render thread/INFO]: [System] [CHAT] RejoicE left the game
[18:58:09] [Render thread/INFO]: [System] [CHAT] [Supporter] Diakoyj » selling 25 vkeys for survival vkeys
[18:58:10] [Render thread/INFO]: [System] [CHAT] Jemilo17 joined the game
[18:58:11] [Render thread/INFO]: [System] [CHAT] aLiAbIdI was slain by Herobrine
[18:58:15] [Render thread/INFO]: [System] [CHAT] FL4MBUU joined the game
[18:58:17] [Render thread/INFO]: [System] [CHAT] Mining increased to 35.
[18:58:19] [Render thread/INFO]: [System] [CHAT] Jojo_123 died because of Herobrine
[18:58:25] [Render thread/INFO]: [System] [CHAT] RejoicE joined the game
[18:58:26] [Render thread/INFO]: [System] [CHAT] [❤][Supporter] FL4MBUU » MOLITOVEC
[18:58:28] [Render thread/INFO]: [System] [CHAT] [❤][☆][Member] MOLITOVEC » LordZetana what now?
[18:58:31] [Render thread/INFO]: [System] [CHAT] Diakoyj left the game
[18:58:32] [Render thread/INFO]: [System] [CHAT] [❤][☆][Member] MOLITOVEC » haii FL4MBUU
[18:58:41] [Render thread/INFO]: [System] [CHAT] hollow64536 left the game
[18:58:41] [Render thread/INFO]: [System] [CHAT] LordZetana joined the game
[18:58:43] [Render thread/INFO]: [System] [CHAT] Jemilo17 left the game
[18:58:44] [Render thread/INFO]: [System] [CHAT] [❤][☆✦][TheFallen] LordZetana » MOLITOVEC
[18:58:44] [Render thread/INFO]: [System] [CHAT] YishaiDaBeast joined the game
[18:58:45] [Render thread/INFO]: [System] [CHAT] [❤][Supporter] FL4MBUU » MOLITOVEC my game crashed
[18:58:49] [Render thread/INFO]: [System] [CHAT] [❤][☆][Member] MOLITOVEC » i know
[18:58:49] [Render thread/INFO]: [System] [CHAT] [❤][☆✦][TheFallen] LordZetana » FL4MBUU :d
[18:58:53] [Render thread/INFO]: [System] [CHAT] [❤][Supporter] FL4MBUU » LordZetana hiii
[18:59:02] [Render thread/INFO]: [System] [CHAT] [❤][☆][Member] MOLITOVEC » also i missed u so much bestie FL4MBUU
[18:59:05] [Render thread/INFO]: [System] [CHAT] 
[18:59:05] [Render thread/INFO]: [System] [CHAT]  || Vote for us and get Vote Keys every day!
[18:59:05] [Render thread/INFO]: [System] [CHAT]  || Go to: https://www.extremecraft.net/vote/ *click*
[18:59:05] [Render thread/INFO]: [System] [CHAT] 
[18:59:05] [Render thread/INFO]: [System] [CHAT] YishaiDaBeast left the game
[18:59:06] [Render thread/INFO]: [System] [CHAT]             Player Ad by LordZetana            
[18:59:06] [Render thread/INFO]: [System] [CHAT]  » Hiring Builders /mail send LordZetana or /mail send veonicks if ur interested
[18:59:06] [Render thread/INFO]: [System] [CHAT]                                                             
[18:59:24] [Render thread/INFO]: [System] [CHAT] RejoicE left the game
[18:59:24] [Render thread/INFO]: [System] [CHAT] ItsAbt1N joined the game
[18:59:24] [Render thread/INFO]: [System] [CHAT] [Member] emax » im quiitng bye
[18:59:24] [Render thread/INFO]: [System] [CHAT] FL4MBUU left the game
[18:59:24] [Render thread/INFO]: [System] [CHAT] RejoicE joined the game
[18:59:24] [Render thread/INFO]: [System] [CHAT] gun_done left the game
[18:59:25] [Render thread/INFO]: [System] [CHAT] nepeer_sho was doomed to fall by markpipez using [[ProKit] Pickaxe]
[18:59:30] [Render thread/INFO]: [System] [CHAT] Teleportation will commence in 3 seconds, don't move.
[18:59:33] [Render thread/INFO]: [System] [CHAT] You moved, pending teleportation request cancelled.
[18:59:33] [Render thread/INFO]: [System] [CHAT] [Member] emax » bye
[18:59:35] [Render thread/INFO]: [System] [CHAT] Teleportation will commence in 3 seconds, don't move.
[18:59:37] [Render thread/INFO]: [System] [CHAT] markpipez left the game
[18:59:37] [Render thread/INFO]: [System] [CHAT] markpipez died
[18:59:38] [Render thread/INFO]: [System] [CHAT] Teleporting...
[18:59:40] [Render thread/INFO]: [System] [CHAT] [Member] BloxminE_YT » oi ariyan amaree kisu normal foods de r Ami spear mace Korte partasi na kn jani hoitasee na
[18:59:42] [Render thread/INFO]: [System] [CHAT] [❤][☆][Member] MOLITOVEC » LordZetana ?
[18:59:43] [Render thread/INFO]: [System] [CHAT] nepeer_sho left the game
[18:59:47] [Render thread/INFO]: [System] [CHAT] ItsAbt1N left the game
[18:59:48] [Render thread/INFO]: [System] [CHAT] [Member] BloxminE_YT » r tpa de
[18:59:49] [Render thread/INFO]: [System] [CHAT] Jemilo17 joined the game
[18:59:49] [Render thread/INFO]: [System] [CHAT] Jojo_123 died
[18:59:51] [Render thread/INFO]: [System] [CHAT] MrJoker left the game
[18:59:54] [Render thread/INFO]: [System] [CHAT] [❤][☆✦][TheFallen] LordZetana » MOLITOVEC im comin w8
[18:59:54] [Render thread/INFO]: [System] [CHAT] wesplayzz joined the game
[18:59:55] [Render thread/INFO]: [System] [CHAT] MrJoker joined the game
[19:00:00] [Render thread/INFO]: [System] [CHAT] wesplayzz left the game
[19:00:00] [Render thread/INFO]: [System] [CHAT] [DigThePit] » DigThePit has started! Duration: 10m. Enchanted tools are not allowed — be sure to bring tools without enchantments.
[19:00:18] [Render thread/INFO]: [System] [CHAT] [❤][☆✦][TheFallen] LordZetana » ty
[19:00:21] [Render thread/INFO]: [System] [CHAT] Jemilo17 left the game
[19:00:25] [Render thread/INFO]: [System] [CHAT] [Citizen] ed8tor » is there any admin
[19:00:30] [Render thread/INFO]: [System] [CHAT] [❤][☆][Member] MOLITOVEC » ed8tor nope
[19:00:32] [Render thread/INFO]: [System] [CHAT] FL4MBUU joined the game
[19:00:38] [Render thread/INFO]: [System] [CHAT] [Citizen] ed8tor » k
[19:00:41] [Render thread/INFO]: [System] [CHAT] [Member] Usageur9 » bruh he didn't join yet
[19:00:44] [Render thread/INFO]: [System] [CHAT] [❤][☆][Member] MOLITOVEC » LordZetana ?
[19:00:48] [Render thread/INFO]: [System] [CHAT] [❤][Supporter] FL4MBUU » bruh my game keep crashing
[19:00:51] [Render thread/INFO]: [System] [CHAT] [❤][☆][Member] MOLITOVEC » ik
[19:00:53] [Render thread/INFO]: [System] [CHAT] [❤][Supporter] FL4MBUU » guys ill be back later
[19:00:53] [Render thread/INFO]: [System] [CHAT] [Member] Usageur9 » ohh i know who is from france now
[19:00:56] [Render thread/INFO]: [System] [CHAT] [❤][☆✦][TheFallen] LordZetana » FL4MBUU MOLITOVEC 2v1 me
[19:00:56] [Render thread/INFO]: [System] [CHAT] [❤][☆✦][TheFallen] LordZetana » :D
[19:00:58] [Render thread/INFO]: [System] [CHAT] [❤][☆✦][TheFallen] LordZetana » but wait
[19:01:04] [Render thread/INFO]: [System] [CHAT] [❤][Supporter] FL4MBUU » LordZetana nrn i keep crashing
[19:01:06] [Render thread/INFO]: [System] [CHAT] [❤][☆][Member] MOLITOVEC » 2v1?
[19:01:07] [Render thread/INFO]: [System] [CHAT] [❤][☆✦][TheFallen] LordZetana » -_-
[19:01:07] [Render thread/INFO]: [System] [CHAT] [Member] Usageur9 » it was not moli
[19:01:12] [Render thread/INFO]: [System] [CHAT] [❤][Supporter] FL4MBUU » LordZetana im scared ill crash while ct
[19:01:12] [Render thread/INFO]: [System] [CHAT] [❤][☆✦][TheFallen] LordZetana » MOLITOVEC and FL4MBUU vs Me :D
[19:01:16] [Render thread/INFO]: [System] [CHAT] [❤][☆✦][TheFallen] LordZetana » ahhh
[19:01:16] [Render thread/INFO]: [System] [CHAT] SswansS left the game
[19:01:16] [Render thread/INFO]: [System] [CHAT] [❤][☆][Member] MOLITOVEC » i can easily fight you LordZetana
[19:01:19] [Render thread/INFO]: [System] [CHAT] [❤][☆][Member] MOLITOVEC » BUT
[19:01:21] [Render thread/INFO]: [System] [CHAT] [❤][☆✦][TheFallen] LordZetana » ;-;
[19:01:22] [Render thread/INFO]: [System] [CHAT] Herbalism increased to 4.
[19:01:23] [Render thread/INFO]: [System] [CHAT] [❤][☆✦][TheFallen] LordZetana » huh
[19:01:26] [Render thread/INFO]: [System] [CHAT] daffyduck2929 joined the game
[19:01:26] [Render thread/INFO]: [System] [CHAT] [❤][☆][Member] MOLITOVEC » What if FL4MBUU might crasched?
[19:01:27] [Render thread/INFO]: [System] [CHAT] Jojo_123 died
[19:01:28] [Render thread/INFO]: [System] [CHAT] AriyanxXx left the game
[19:01:29] [Render thread/INFO]: [System] [CHAT] [❤][☆][Member] MOLITOVEC » What if FL4MBUU might crashed
[19:01:31] [Render thread/INFO]: [System] [CHAT] daffyduck2929 left the game
[19:01:35] [Render thread/INFO]: [System] [CHAT] MrJoker left the game
[19:01:38] [Render thread/INFO]: [System] [CHAT] MrJoker joined the game
[19:01:40] [Render thread/INFO]: [System] [CHAT] [❤][☆✦][TheFallen] LordZetana » MOLITOVEC if FL4MBUU crash we keep her loot
[19:01:47] [Render thread/INFO]: [System] [CHAT] Saved screenshot as 2026-08-01_19.01.46.png
[19:01:48] [Render thread/INFO]: [System] [CHAT] Jojo_123 died because of Herobrine
[19:01:50] [Render thread/INFO]: [System] [CHAT] [❤][☆][Member] MOLITOVEC » keep loot?
[19:01:50] [Render thread/INFO]: [System] [CHAT] [❤][Supporter] FL4MBUU » LordZetana i gtg do smt
[19:01:56] [Render thread/INFO]: [System] [CHAT] [❤][☆][Member] MOLITOVEC » bye FL4MBUU
[19:01:58] [Render thread/INFO]: [System] [CHAT] [❤][Supporter] FL4MBUU » LordZetana ill be back laterr
[19:02:01] [Render thread/INFO]: [System] [CHAT] [❤][☆✦][TheFallen] LordZetana » ight
[19:02:01] [Render thread/INFO]: [System] [CHAT] [❤][Supporter] FL4MBUU » MOLITOVEC baii
[19:02:01] [Render thread/INFO]: [System] [CHAT] [❤][☆][Member] MOLITOVEC » lets 1v1 LordZetana
[19:02:03] [Render thread/INFO]: [System] [CHAT] FL4MBUU left the game
[19:02:05] [Render thread/INFO]: [System] [CHAT] moootje2 died because of Herobrine
[19:02:08] [Render thread/INFO]: [System] [CHAT] [❤][☆✦][TheFallen] LordZetana » ALR MOLITOVEC
[19:02:13] [Render thread/INFO]: [System] [CHAT] MFGamingYT left the game
[19:02:14] [Render thread/INFO]: [System] [CHAT] Jojo_123 was slain by Herobrine
[19:02:20] [Render thread/INFO]: [System] [CHAT] [❤][☆][Member] MOLITOVEC » i get my potion
[19:02:46] [Render thread/INFO]: [System] [CHAT] ATomX joined the game
[19:02:47] [Render thread/INFO]: [System] [CHAT] [Member] BloxminE_YT » oi ariyan tp de
[19:02:49] [Render thread/INFO]: [System] [CHAT] wemmbluu joined the game
[19:03:03] [Render thread/INFO]: [System] [CHAT] Mining increased to 36.
[19:03:06] [Render thread/INFO]: [System] [CHAT] [Member] moootje2 » noooo my stuf
[19:03:08] [Render thread/INFO]: [System] [CHAT] [CoinFlip] » Usageur9 opened a new bet on /coinflip!
[19:03:13] [Render thread/INFO]: [System] [CHAT] [❤][☆][Member] MOLITOVEC » LordZetana is this warp pvp right?
[19:03:13] [Render thread/INFO]: [System] [CHAT] Tboneboss9 left the game
[19:03:17] [Render thread/INFO]: [System] [CHAT] [CoinFlip] » Usageur9 opened a new bet on /coinflip!
[19:03:22] [Render thread/INFO]: [System] [CHAT] [❤][☆✦][TheFallen] LordZetana » MOLITOVEC XD not warp pvp
[19:03:23] [Render thread/INFO]: [System] [CHAT] Defuser left the game
[19:03:23] [Render thread/INFO]: [System] [CHAT] [❤][☆✦][TheFallen] LordZetana » my claim
[19:03:25] [Render thread/INFO]: [System] [CHAT] [❤][☆✦][TheFallen] LordZetana » lemme get there
[19:03:34] [Render thread/INFO]: [System] [CHAT] thijsgamet joined the game
[19:03:37] [Render thread/INFO]: [System] [CHAT] [Member] Usageur9 » wemmbluu pay the 2m
[19:03:43] [Render thread/INFO]: [System] [CHAT] Jemilo17 joined the game
[19:03:48] [Render thread/INFO]: [System] [CHAT] [❤][✦][Member] wemmbluu » Usageur9 wdym u won the first q
[19:03:54] [Render thread/INFO]: [System] [CHAT] [❤][✦][Member] wemmbluu » 1
[19:03:56] [Render thread/INFO]: [System] [CHAT] [Member] emax » will you sto[
[19:04:01] [Render thread/INFO]: [System] [CHAT] [❤][☆✦][TheFallen] LordZetana » MOLITOVEC start, and don't tpa anyone here.
[19:04:06] [Render thread/INFO]: [System] [CHAT]  »  Need to report a player?
[19:04:06] [Render thread/INFO]: [System] [CHAT]  »  Submit a report on our website!
[19:04:06] [Render thread/INFO]: [System] [CHAT]  » https://www.extremecraft.net/reports/
[19:04:06] [Render thread/INFO]: [System] [CHAT]  »  Include enough details and evidence for us to review it!
[19:04:06] [Render thread/INFO]: [System] [CHAT]             Player Ad by thedamiond            
[19:04:06] [Render thread/INFO]: [System] [CHAT]  » Lf bh chestplate buying for 7.5m-8m
[19:04:06] [Render thread/INFO]: [System] [CHAT]                                                             
[19:04:08] [Render thread/INFO]: [System] [CHAT] * daxboah is no longer AFK.
[19:04:09] [Render thread/INFO]: [System] [CHAT] [❤][☆✦][TheFallen] LordZetana » MOLITOVEC if i die secure my loot
[19:04:10] [Render thread/INFO]: [System] [CHAT] BloxminE_YT left the game
[19:04:10] [Render thread/INFO]: [System] [CHAT] [❤][☆][Member] MOLITOVEC » Shall we ready?
[19:04:11] [Render thread/INFO]: [System] [CHAT] [Member] emax » will you stop
[19:04:17] [Render thread/INFO]: [System] [CHAT] JustAranDumguy joined the game
[19:04:19] [Render thread/INFO]: [System] [CHAT] [❤][☆✦][TheFallen] LordZetana » MOLITOVEC as in, if i leave the game
[19:04:21] [Render thread/INFO]: [System] [CHAT] [❤][☆✦][TheFallen] LordZetana » alright
[19:04:23] [Render thread/INFO]: [System] [CHAT] [❤][☆✦][TheFallen] LordZetana » im ready
[19:04:25] [Render thread/INFO]: [System] [CHAT] TractorsRullz joined the game
[19:04:26] [Render thread/INFO]: [System] [CHAT] [Member] emax » js stop
[19:04:26] [Render thread/INFO]: [System] [CHAT] [Member] Usageur9 » that is a scam ad a scamer get banned and a scammer will be bad if he is bad he is a bad boy
[19:04:31] [Render thread/INFO]: [System] [CHAT] [Member] Usageur9 » so do't be a bad boy
[19:04:38] [Render thread/INFO]: [System] [CHAT] [Member] Usageur9 » and give daddy 2m
[19:04:43] [Render thread/INFO]: [System] [CHAT] moootje2 died
[19:04:44] [Render thread/INFO]: [System] [CHAT] [Member] Usageur9 » wtf mb
[19:05:11] [Render thread/INFO]: [System] [CHAT] [❤][☆][Member] MOLITOVEC » Hold onm
[19:05:14] [Render thread/INFO]: [System] [CHAT] [❤][☆✦][TheFallen] LordZetana » ?
[19:05:15] [Render thread/INFO]: [System] [CHAT] Herbalism increased to 5.
[19:05:16] [Render thread/INFO]: [System] [CHAT] [❤][✦][Member] wemmbluu » bbro its not a scam 8its coi nflip
[19:05:20] [Render thread/INFO]: [System] [CHAT] [❤][☆][Member] MOLITOVEC » why are you not even taking damage on my sword?
[19:05:24] [Render thread/INFO]: [System] [CHAT] MrJoker left the game
[19:05:25] [Render thread/INFO]: [System] [CHAT] [❤][☆✦][TheFallen] LordZetana » MOLITOVEC I am
[19:05:27] [Render thread/INFO]: [System] [CHAT] [❤][☆✦][TheFallen] LordZetana » egap
[19:05:29] [Render thread/INFO]: [System] [CHAT] [❤][☆✦][TheFallen] LordZetana » s
[19:05:29] [Render thread/INFO]: [System] [CHAT] MrJoker joined the game
[19:05:29] [Render thread/INFO]: [System] [CHAT] RejoicE left the game
[19:05:35] [Render thread/INFO]: [System] [CHAT] RejoicE joined the game
[19:05:53] [Render thread/INFO]: [System] [CHAT] Paxiamus joined the game
[19:05:54] [Render thread/INFO]: [System] [CHAT] gun_done joined the game
[19:05:54] [Render thread/INFO]: [System] [CHAT] HueKlug joined the game
[19:05:57] [Render thread/INFO]: [System] [CHAT] wemmbluu left the game
[19:06:06] [Render thread/INFO]: [System] [CHAT] [❤][☆✦][TheFallen] LordZetana » XD
[19:06:09] [Render thread/INFO]: [System] [CHAT] [Member] emax » you stop rigth?
[19:06:10] [Render thread/INFO]: [System] [CHAT] [❤][☆✦][TheFallen] LordZetana » saw that?
[19:06:13] [Render thread/INFO]: [System] [CHAT] [❤][☆][Member] MOLITOVEC » ik
[19:06:13] [Render thread/INFO]: [System] [CHAT] Zorvyn joined the game.
[19:06:18] [Render thread/INFO]: [System] [CHAT] [❤][☆][Member] MOLITOVEC » ur mace is op bro
[19:06:20] [Render thread/INFO]: [System] [CHAT] [❤][☆✦][TheFallen] LordZetana » that's how fast I can end u MOLITOVEC
[19:06:20] [Render thread/INFO]: [System] [CHAT] [❤][☆][Member] MOLITOVEC » i cant even
[19:06:21] [Render thread/INFO]: [System] [CHAT] [❤][☆✦][TheFallen] LordZetana » <3
[19:06:25] [Render thread/INFO]: [System] [CHAT] MrJoker left the game
[19:06:27] [Render thread/INFO]: [System] [CHAT] Hasta la vista, Zorvyn!
[19:06:28] [Render thread/INFO]: [System] [CHAT] MrJoker joined the game
[19:06:35] [Render thread/INFO]: [System] [CHAT] [✦][LoneWolf] JJARCANE_ » wrong containment zone mf
[19:06:50] [Render thread/INFO]: [System] [CHAT] Mining increased to 37.
[19:07:05] [Render thread/INFO]: [System] [CHAT] 
[19:07:05] [Render thread/INFO]: [System] [CHAT]  || Vote for us and get Vote Keys every day!
[19:07:05] [Render thread/INFO]: [System] [CHAT]  || Go to: https://www.extremecraft.net/vote/ *click*
[19:07:05] [Render thread/INFO]: [System] [CHAT] 
[19:07:06] [Render thread/INFO]: [System] [CHAT] Teleportation will commence in 3 seconds, don't move.
[19:07:08] [Render thread/INFO]: [System] [CHAT] [Member] emax » i want one too
[19:07:09] [Render thread/INFO]: [System] [CHAT] Jojo_123 died
[19:07:09] [Render thread/INFO]: [System] [CHAT] Teleporting...
[19:07:11] [Render thread/INFO]: [System] [CHAT] jimmqi joined the game
[19:07:12] [Render thread/INFO]: [System] [CHAT] RejoicE left the game
[19:07:14] [Render thread/INFO]: [System] [CHAT] Lee_Kwang_Soo left the game
[19:07:17] [Render thread/INFO]: [System] [CHAT] RejoicE joined the game
[19:07:44] [Render thread/INFO]: [System] [CHAT] Jemilo17 left the game
[19:08:00] [Render thread/INFO]: [System] [CHAT] [❤][☆✦][TheFallen] LordZetana » Being in box won't do hahah
[19:08:08] [Render thread/INFO]: [System] [CHAT] [Member] emax » atleast 2 stacks of pearls pls
[19:08:11] [Render thread/INFO]: [System] [CHAT] [❤][☆✦][TheFallen] LordZetana » that's what I learnt after months of fighting JJARCANE_ MOLITOVEC
[19:08:14] [Render thread/INFO]: [System] [CHAT] [❤][☆✦][TheFallen] LordZetana » being in box won't do pizza in pvp
[19:08:30] [Render thread/INFO]: [System] [CHAT] robotfelix2710 joined the game
[19:08:41] [Render thread/INFO]: [System] [CHAT] [Member] emax » pls
[19:08:41] [Render thread/INFO]: [System] [CHAT] [❤][☆✦][TheFallen] LordZetana » Fuuga
[19:08:43] [Render thread/INFO]: [System] [CHAT] [✦][LoneWolf] JJARCANE_ » LordZetana you are the worst pvper washing machine
[19:08:47] [Render thread/INFO]: [System] [CHAT] [Member] emax » plss
[19:08:49] [Render thread/INFO]: [System] [CHAT] Turtle25112 joined the game
[19:08:51] [Render thread/INFO]: [System] [CHAT] skiddzie joined the game
[19:08:56] [Render thread/INFO]: [System] [CHAT] [❤][☆✦][TheFallen] LordZetana » JJARCANE_ come shut me up in a 1v1 /go pvp :\
[19:08:57] [Render thread/INFO]: [System] [CHAT] robotfelix2710 left the game
[19:09:02] [Render thread/INFO]: [System] [CHAT] Turtle25112 left the game
[19:09:03] [Render thread/INFO]: [System] [CHAT] [✦][LoneWolf] JJARCANE_ » LordZetana go pvp
[19:09:05] [Render thread/INFO]: [System] [CHAT] JJARCANE_ left the game. Their legend remains.
[19:09:06] [Render thread/INFO]: [System] [CHAT]               Player Ad by Dumbeeb              
[19:09:06] [Render thread/INFO]: [System] [CHAT]  » Sell vote keys for 185k each! limited time price at /pwarp v Raise
[19:09:06] [Render thread/INFO]: [System] [CHAT]                                                             
[19:09:07] [Render thread/INFO]: [System] [CHAT] [❤][☆✦][TheFallen] LordZetana » FR
[19:09:09] [Render thread/INFO]: [System] [CHAT] [❤][☆✦][TheFallen] LordZetana » MOLITOVEC WAIT
[19:09:14] [Render thread/INFO]: [System] [CHAT] [Member] emax » what
[19:09:21] [Render thread/INFO]: [System] [CHAT] [❤][☆][Member] MOLITOVEC » what lordzetana?
[19:09:28] [Render thread/INFO]: [System] [CHAT] LordZetana left the game
[19:10:00] [Render thread/INFO]: [System] [CHAT] [DigThePit] » DigThePit has ended! Results:
[19:10:00] [Render thread/INFO]: [System] [CHAT] #1 - VIGABOND - Score: 1779
[19:10:00] [Render thread/INFO]: [System] [CHAT] #2 - sleepyjoe - Score: 801
[19:10:00] [Render thread/INFO]: [System] [CHAT] #3 - RejoicE - Score: 156
[19:10:11] [Render thread/INFO]: [System] [CHAT] wemmbluu joined the game
[19:10:20] [Render thread/INFO]: [System] [CHAT] Jojo_123 died because of Herobrine
[19:10:24] [Render thread/INFO]: [System] [CHAT] [Member] emax » i took 16 pearls chill
[19:10:41] [Render thread/INFO]: [System] [CHAT] TheBoizGamerz joined the game
[19:10:42] [Render thread/INFO]: [System] [CHAT] wemmbluu left the game
[19:10:42] [Render thread/INFO]: [System] [CHAT] Yeah_Saurin left the game
[19:10:43] [Render thread/INFO]: [System] [CHAT] Jojo_123 withered away
[19:10:45] [Render thread/INFO]: [System] [CHAT] Mining increased to 38.
[19:10:46] [Render thread/INFO]: [System] [CHAT] [Member] Usageur9 » wemmbluu yo pay me 2m
[19:10:52] [Render thread/INFO]: [System] [CHAT] Yeah_Saurin joined the game
[19:10:53] [Render thread/INFO]: [System] [CHAT] Tomislav joined the game
[19:10:56] [Render thread/INFO]: [System] [CHAT] [Member] JustAranDumguy » can someome tell me how to play pwease
[19:10:59] [Render thread/INFO]: [System] [CHAT] TheBoizGamerz left the game
[19:10:59] [Render thread/INFO]: [System] [CHAT] [Member] Usageur9 » pwease
[19:11:04] [Render thread/INFO]: [System] [CHAT] skiddzie left the game
[19:11:04] [Render thread/INFO]: [System] [CHAT] wemmbluu joined the game
[19:11:14] [Render thread/INFO]: [System] [CHAT] [[NexusKit]] listed on AH for $400,000.00
[19:11:16] [Render thread/INFO]: [System] [CHAT] LightxDqrk joined the game
[19:11:24] [Render thread/INFO]: [System] [CHAT] wemmbluu left the game
[19:11:26] [Render thread/INFO]: [System] [CHAT] Jemilo17 joined the game
[19:11:27] [Render thread/INFO]: [System] [CHAT] [Member] Afnan13 » Nice shot!
[19:11:28] [Render thread/INFO]: [System] [CHAT] Herbalism increased to 6.
[19:11:31] [Render thread/INFO]: [System] [CHAT] [Member] emax » look
[19:11:37] [Render thread/INFO]: [System] [CHAT] [Member] emax » only 16
[19:11:43] [Render thread/INFO]: [System] [CHAT] [Member] emax » pls man
[19:11:52] [Render thread/INFO]: [System] [CHAT] aswe124 joined the game
[19:11:56] [Render thread/INFO]: [System] [CHAT] [Member] emax » dont take plss
[19:11:57] [Render thread/INFO]: [System] [CHAT] aswe124 left the game
[19:12:00] [Render thread/INFO]: [System] [CHAT] Paxiamus left the game
[19:12:03] [Render thread/INFO]: [System] [CHAT] Afnan13 left the game
[19:12:06] [Render thread/INFO]: [System] [CHAT] Jojo_123 died
[19:12:07] [Render thread/INFO]: [System] [CHAT] Afnan13 joined the game
[19:12:30] [Render thread/INFO]: [System] [CHAT] [Member] emax » no the pearls
[19:12:36] [Render thread/INFO]: [System] [CHAT] [Member] Afnan13 » Nice shot!
[19:12:43] [Render thread/INFO]: [System] [CHAT] The crew gains strength as 4xse comes on board!
[19:12:46] [Render thread/INFO]: [System] [CHAT] [Member] emax » pls
[19:12:54] [Render thread/INFO]: [System] [CHAT] [Member] Usageur9 » emax?
[19:12:55] [Render thread/INFO]: [System] [CHAT] [Member] emax » ye
[19:13:02] [Render thread/INFO]: [System] [CHAT] moezii joined the game
[19:13:04] [Render thread/INFO]: [System] [CHAT] [Member] emax » i stole from it hehe
[19:13:07] [Render thread/INFO]: [System] [CHAT] [Citizen] ed8tor » i dont need to steal urs
[19:13:10] [Render thread/INFO]: [System] [CHAT] [Member] Usageur9 » emax say pwease zaddy pay me 1m for 1m
[19:13:22] [Render thread/INFO]: [System] [CHAT] RejoicE left the game
[19:13:25] [Render thread/INFO]: [System] [CHAT] Tomislav left the game
[19:13:26] [Render thread/INFO]: [System] [CHAT] [Member] emax » i dont even have 1mil
[19:13:26] [Render thread/INFO]: [System] [CHAT] RejoicE joined the game
[19:13:28] [Render thread/INFO]: [System] [CHAT]                        BossFight                       
[19:13:28] [Render thread/INFO]: [System] [CHAT]  » The Boss Herobrine has been defeated!
[19:13:28] [Render thread/INFO]: [System] [CHAT]  » _Xempo_ was the killer  - 5x [VoteKey]
[19:13:28] [Render thread/INFO]: [System] [CHAT]  » 
[19:13:28] [Render thread/INFO]: [System] [CHAT]  » Top Damagers:
[19:13:28] [Render thread/INFO]: [System] [CHAT]  »  1) _Xempo_ - 9895 DMG - 1x [BossKey]
[19:13:28] [Render thread/INFO]: [System] [CHAT]  »  2) RejoicE - 3656 DMG - 1x [BossKey]
[19:13:28] [Render thread/INFO]: [System] [CHAT]  »  3) MrJoker - 2170 DMG - 1x [BossKey]
[19:13:28] [Render thread/INFO]: [System] [CHAT]  »  4) aLiAbIdI - 1160 DMG
[19:13:28] [Render thread/INFO]: [System] [CHAT]  »  5) Usageur9 - 454 DMG
[19:13:28] [Render thread/INFO]: [System] [CHAT]                                                             
[19:13:30] [Render thread/INFO]: [System] [CHAT] Warping to bossfight.
[19:13:30] [Render thread/INFO]: [System] [CHAT] Teleportation will commence in 3 seconds, don't move.
[19:13:30] [Render thread/INFO]: [System] [CHAT] * 4xse is now AFK.
[19:13:32] [Render thread/INFO]: [System] [CHAT] wemmbluu joined the game
[19:13:33] [Render thread/INFO]: [System] [CHAT] Teleporting...
[19:13:35] [Render thread/INFO]: [System] [CHAT] [Bounties] » There are currently 1 active bounties, check them at /bounty list
[19:13:35] [Render thread/INFO]: [System] [CHAT] [Bounties] » There are currently 1 active bounties, check them at /bounty list
[19:13:36] [Render thread/INFO]: [System] [CHAT] LightxDqrk left the game
[19:13:37] [Render thread/INFO]: [System] [CHAT] [Member] Usageur9 » emax imma pay u 1m if u say it
[19:13:53] [Render thread/INFO]: [System] [CHAT] [Member] emax » daddy?
[19:14:01] [Render thread/INFO]: [System] [CHAT] [Member] Usageur9 » no say zaddy pwease
[19:14:07] [Render thread/INFO]: [System] [CHAT]             Player Ad by LordZetana            
[19:14:07] [Render thread/INFO]: [System] [CHAT]  » Hiring Builders /mail send LordZetana or /mail send veonicks if ur interested
[19:14:07] [Render thread/INFO]: [System] [CHAT]                                                             
[19:14:08] [Render thread/INFO]: [System] [CHAT] wemmbluu left the game
[19:14:09] [Render thread/INFO]: [System] [CHAT] R4byk has arrived! Let the chaos begin!
[19:14:10] [Render thread/INFO]: [System] [CHAT] [Member] emax » yup
[19:14:23] [Render thread/INFO]: [System] [CHAT] [Member] emax » nope
[19:14:23] [Render thread/INFO]: [System] [CHAT] [Member] Usageur9 » i swear im a minor like u
[19:14:26] [Render thread/INFO]: [System] [CHAT] * flipflop04 is no longer AFK.
[19:14:26] [Render thread/INFO]: [System] [CHAT] flipflop04 left the game
[19:14:32] [Render thread/INFO]: [System] [CHAT] JustAranDumguy fell from a high place
[19:14:32] [Render thread/INFO]: [System] [CHAT] showforjeff joined the game
[19:14:35] [Render thread/INFO]: [System] [CHAT] _Com1_ joined the game
[19:14:41] [Render thread/INFO]: [System] [CHAT] [Member] Usageur9 » im not no 70 years old mf saying that to little kids
[19:14:41] [Render thread/INFO]: [System] [CHAT] buildtillidie left the game
[19:14:48] [Render thread/INFO]: [System] [CHAT] [Member] _Com1_ » i am back
[19:14:59] [Render thread/INFO]: [System] [CHAT] Teleportation will commence in 3 seconds, don't move.
[19:15:02] [Render thread/INFO]: [System] [CHAT] Teleporting...
[19:15:04] [Render thread/INFO]: [System] [CHAT] [Member] emax » look at our bases
[19:15:05] [Render thread/INFO]: [System] [CHAT] 
[19:15:05] [Render thread/INFO]: [System] [CHAT]  || Vote for us and get Vote Keys every day!
[19:15:05] [Render thread/INFO]: [System] [CHAT]  || Go to: https://www.extremecraft.net/vote/ *click*
[19:15:05] [Render thread/INFO]: [System] [CHAT] 
[19:15:11] [Render thread/INFO]: [System] [CHAT] _Xempo_ left the game
[19:15:21] [Render thread/INFO]: [System] [CHAT] [Member] Usageur9 » emax i wanna see
[19:15:28] [Render thread/INFO]: [System] [CHAT] MrJoker left the game
[19:15:43] [Render thread/INFO]: [System] [CHAT] [Member] _Com1_ » for who\
[19:15:43] [Render thread/INFO]: [System] [CHAT] [Member] ForestZ » who has a creeper head
[19:15:48] [Render thread/INFO]: [System] [CHAT] riptide798 left the game
[19:15:53] [Render thread/INFO]: [System] [CHAT] JustAranDumguy drowned
[19:15:56] [Render thread/INFO]: [System] [CHAT] buildtillidie joined the game
[19:16:02] [Render thread/INFO]: [System] [CHAT] BladeDaFurry420 left the game
[19:16:09] [Render thread/INFO]: [System] [CHAT] [Member] Usageur9 » yo mama ForestZ
[19:16:12] [Render thread/INFO]: [System] [CHAT] Mining increased to 39.
[19:16:15] [Render thread/INFO]: [System] [CHAT] [Member] ForestZ » ForestZ tf
[19:16:21] [Render thread/INFO]: [System] [CHAT] Use the /back to return to location of your death or use /back location to just get coordinates.
[19:16:21] [Render thread/INFO]: [System] [CHAT] NezarFB fell from a high place
[19:16:29] [Render thread/INFO]: [System] [CHAT] Teleportation will commence in 3 seconds, don't move.
[19:16:29] [Render thread/INFO]: [System] [CHAT] buildtillidie left the game
[19:16:30] [Render thread/INFO]: [System] [CHAT] Teleporting...
[19:16:31] [Render thread/WARN]: Received passengers for unknown entity
[19:16:31] [Render thread/WARN]: Received passengers for unknown entity
[19:16:31] [Render thread/WARN]: Received passengers for unknown entity
[19:16:31] [Render thread/WARN]: Received passengers for unknown entity
[19:16:33] [Render thread/INFO]: [System] [CHAT] [Member] ForestZ » Usageur9 im a dude skedaddle
[19:16:34] [Render thread/INFO]: [System] [CHAT] being joined the game
[19:16:40] [Render thread/INFO]: [System] [CHAT] Use the /back to return to location of your death or use /back location to just get coordinates.
[19:16:40] [Render thread/INFO]: [System] [CHAT] NezarFB fell from a high place
[19:16:50] [Render thread/INFO]: [System] [CHAT] Teleportation will commence in 3 seconds, don't move.
[19:16:50] [Render thread/INFO]: [System] [CHAT] [Member] Usageur9 » ForestZ dude don't say that
[19:16:50] [Render thread/INFO]: [System] [CHAT] Teleporting...
[19:16:50] [Render thread/WARN]: Received passengers for unknown entity
[19:16:50] [Render thread/WARN]: Received passengers for unknown entity
[19:16:50] [Render thread/WARN]: Received passengers for unknown entity
[19:16:50] [Render thread/WARN]: Received passengers for unknown entity
[19:16:51] [Render thread/INFO]: [System] [CHAT] Time before next teleportation: 3 seconds.
[19:16:56] [Render thread/INFO]: [System] [CHAT] [Member] ForestZ » Usageur9 what do u want
[19:16:59] [Render thread/INFO]: [System] [CHAT] * R4byk is now AFK.
[19:17:01] [Render thread/INFO]: [System] [CHAT] weibou joined the game
[19:17:01] [Render thread/INFO]: [System] [CHAT] JustAranDumguy left the game
[19:17:01] [Render thread/INFO]: [System] [CHAT] [Member] emax » com come
[19:17:05] [Render thread/INFO]: [System] [CHAT] [Member] Usageur9 » i want yo mama
[19:17:06] [Render thread/INFO]: [System] [CHAT] [✦][Citizen] being » umm
[19:17:09] [Render thread/INFO]: [System] [CHAT] buildtillidie joined the game
[19:17:12] [Render thread/INFO]: [System] [CHAT] [Member] Usageur9 » lol
[19:17:16] [Render thread/INFO]: [System] [CHAT] _OPSHADOW_ joined the game
[19:17:20] [Render thread/INFO]: [System] [CHAT] [Member] ForestZ » Usageur9 keep wishing
[19:17:24] [Render thread/INFO]: [System] [CHAT] [Member] emax » comm1 come
[19:17:25] [Render thread/INFO]: [System] [CHAT] Drumroll, please! onjah2 has arrived in style!
[19:17:26] [Render thread/INFO]: [System] [CHAT] buildtillidie left the game
[19:17:29] [Render thread/INFO]: [System] [CHAT] [Member] Usageur9 » wdym ForestZ
[19:17:37] [Render thread/INFO]: [System] [CHAT] [Member] Usageur9 » it was a yo mama joke
[19:17:38] [Render thread/INFO]: [System] [CHAT] Let's go home, onjah2 left.
[19:17:41] [Render thread/INFO]: [System] [CHAT] [✦][Citizen] being » weibou burp
[19:17:45] [Render thread/INFO]: [System] [CHAT] aLiAbIdI has requested to teleport to you, type /tpyes to accept or /tpno to deny teleport request. This request will expire after 120 seconds. 
[19:17:48] [Render thread/INFO]: [System] [CHAT] Teleportation will commence in 3 seconds.
[19:17:48] [Render thread/INFO]: [System] [CHAT] [Member] Usageur9 » its not that deep
[19:17:51] [Render thread/INFO]: [System] [CHAT] 3V1L joined the game
[19:17:51] [Render thread/INFO]: [System] [CHAT] aLiAbIdI moved, pending teleportation request cancelled.
[19:17:58] [Render thread/INFO]: [System] [CHAT] Trying to find new location in Wilderness...
[19:17:58] [Render thread/INFO]: [System] [CHAT] You were teleported to random location: world (-3856, 195, -2352)
[19:17:58] [Render thread/INFO]: [System] [CHAT] Teleporting...
[19:17:58] [Render thread/INFO]: [System] [CHAT] [Member] ForestZ » Usageur9 2 things bud 1 ur not funny sec we left yo mama jokes in 2022
[19:18:11] [Render thread/INFO]: [System] [CHAT] Teleportation will commence in 3 seconds, don't move.
[19:18:14] [Render thread/INFO]: [System] [CHAT] Teleporting...
[19:18:20] [Render thread/INFO]: [System] [CHAT] [Member] Usageur9 » yo ForestZ whats that?
[19:18:25] [Render thread/INFO]: [System] [CHAT] moootje2 left the game
[19:18:27] [Render thread/INFO]: [System] [CHAT] [Member] Usageur9 » yo mama
[19:18:31] [Render thread/INFO]: [System] [CHAT] [Member] ForestZ » Usageur9 so i can just tell ur that one kud whose humer is stuck in 2022
[19:18:38] [Render thread/INFO]: [System] [CHAT] [Member] showforjeff » yo who u guys
[19:18:39] [Render thread/INFO]: [System] [CHAT] buildtillidie joined the game
[19:18:41] [Render thread/INFO]: [System] [CHAT] 3V1L left the game
[19:18:44] [Render thread/INFO]: [System] [CHAT] [Member] showforjeff » im with vyom
[19:18:44] [Render thread/INFO]: [System] [CHAT] [Member] ForestZ » kid*
[19:18:45] [Render thread/INFO]: [System] [CHAT] showforjeff was smashed by emax with [Боздуганe]
[19:18:49] [Render thread/INFO]: [System] [CHAT] [✦][Citizen] being » weibou wakey wakey
[19:18:56] [Render thread/INFO]: [System] [CHAT] Teleportation will commence in 3 seconds, don't move.
[19:18:59] [Render thread/INFO]: [System] [CHAT] Teleporting...
[19:19:05] [Render thread/INFO]: [System] [CHAT]  » A new Marketplace has arrived on the website!
[19:19:05] [Render thread/INFO]: [System] [CHAT]  » Buy, sell and trade with other players through website listings.
[19:19:05] [Render thread/INFO]: [System] [CHAT]  » https://www.extremecraft.net/marketplace/
[19:19:06] [Render thread/INFO]: [System] [CHAT]               Player Ad by Dumbeeb              
[19:19:06] [Render thread/INFO]: [System] [CHAT]  » Sell vote keys for 185k each! limited time price at /pwarp v Raise
[19:19:06] [Render thread/INFO]: [System] [CHAT]                                                             
[19:19:07] [Render thread/INFO]: [System] [CHAT] [Member] Usageur9 » do u know who is stuck in 2022?
[19:19:08] [Render thread/INFO]: [System] [CHAT] [Member] showforjeff » emax im with vyom
[19:19:14] [Render thread/INFO]: [System] [CHAT] wemmbluu joined the game
[19:19:15] [Render thread/INFO]: [System] [CHAT] [Member] ForestZ » Usageur9 you
[19:19:19] [Render thread/INFO]: [System] [CHAT] [Member] Usageur9 » yo mama
[19:19:21] [Render thread/INFO]: [System] [CHAT] * FreshGamingonYT is no longer AFK.
[19:19:21] [Render thread/INFO]: [System] [CHAT] FreshGamingonYT left the game
[19:19:31] [Render thread/INFO]: [System] [CHAT] wemmbluu left the game
[19:19:33] [Render thread/INFO]: [System] [CHAT] [Member] Usageur9 » mb
[19:19:35] [Render thread/INFO]: [System] [CHAT] GrimViper joined the game
[19:19:35] [Render thread/INFO]: [System] [CHAT] [Member] showforjeff » i have gear
[19:19:36] [Render thread/INFO]: [System] [CHAT] [Member] Usageur9 » sorry
[19:19:36] [Render thread/INFO]: [System] [CHAT] [Member] ForestZ » Usageur9 yk who was in my bed last night ur hehe mom OwO
[19:19:46] [Render thread/INFO]: [System] [CHAT] [Member] showforjeff » do u guys have a winterthorn sword
[19:19:56] [Render thread/INFO]: [System] [CHAT] [Member] ForestZ » Usageur9 now get furry lost u ragamuffin small
[19:19:56] [Render thread/INFO]: [System] [CHAT] [Member] Usageur9 » ForestZ im actually a minor dude im reporting this
[19:19:57] [Render thread/INFO]: [System] [CHAT] [Member] _Com1_ » 1v1 emax
[19:20:06] [Render thread/INFO]: [System] [CHAT] [Member] showforjeff » ay guys
[19:20:08] [Render thread/INFO]: [System] [CHAT]                          RolePlay                         
[19:20:08] [Render thread/INFO]: [System] [CHAT]  » You can send in chat roleplay actions! Check the full list with /rplist. Ranked players can also color the messages with /rpcolors
[19:20:08] [Render thread/INFO]: [System] [CHAT]                                                             
[19:20:10] [Render thread/INFO]: [System] [CHAT] [Member] _Com1_ » 1v1
[19:20:12] [Render thread/INFO]: [System] [CHAT] [Member] ForestZ » Usageur9 do i give a flying spoon
[19:20:20] [Render thread/INFO]: [System] [CHAT] PICULITUU joined the game
[19:20:22] [Render thread/INFO]: [System] [CHAT] [Member] Usageur9 » ForestZ dude ur weird imagine saying that to a kid
[19:20:28] [Render thread/INFO]: [System] [CHAT] Request sent to aLiAbIdI. 
[19:20:30] [Render thread/INFO]: [System] [CHAT] [Member] ForestZ » ForestZ you're my best friend off
[19:20:30] [Render thread/INFO]: [System] [CHAT] [Member] Usageur9 » u gotta be ragamuffin dude
[19:20:31] [Render thread/INFO]: [System] [CHAT] Teleportation will commence in 3 seconds, don't move.
[19:20:34] [Render thread/INFO]: [System] [CHAT] Attempting to teleport...
[19:20:34] [Render thread/INFO]: [System] [CHAT] Teleporting...
[19:20:35] [Render thread/INFO]: [System] [CHAT] [Member] Jojo_123 » can i teleport to someone
[19:20:41] [Render thread/INFO]: [System] [CHAT] [Member] ForestZ » Usageur9 i can tell ur humer is friendlily
[19:20:45] [Render thread/INFO]: [System] [CHAT] showforjeff was slain by emax using [[Shredded] Sword]
[19:20:46] [Render thread/INFO]: [System] [CHAT] [Member] Afnan13 » what is chat game
[19:20:51] [Render thread/INFO]: [System] [CHAT] MasterChi (formerly known as C_1_) joined the game
[19:20:55] [Render thread/INFO]: [System] [CHAT] [Member] Usageur9 » ur a i wuv you grown i love you man tpa for skin comp
[19:20:57] [Render thread/INFO]: [System] [CHAT] RedstoneGamerBoy left the game
[19:21:02] [Render thread/INFO]: [System] [CHAT] Teleportation will commence in 3 seconds, don't move.
[19:21:05] [Render thread/INFO]: [System] [CHAT] TheFrozenOne joined the game
[19:21:05] [Render thread/INFO]: [System] [CHAT] Teleporting...
[19:21:12] [Render thread/INFO]: [System] [CHAT] [Member] Usageur9 » u cake slave
[19:21:15] [Render thread/INFO]: [System] [CHAT] Land claims are disabled in this world.
[19:21:15] [Render thread/INFO]: [System] [CHAT] [Member] ForestZ » Usageur9 alr buddy that was the last straw i aint a pony grown man
[19:21:21] [Render thread/INFO]: [System] [CHAT] GrimViper left the game
[19:21:23] [Render thread/INFO]: [System] [CHAT] [Member] ForestZ » Usageur9 youre*
[19:21:23] [Render thread/INFO]: [System] [CHAT] [Member] Yeah_Saurin » does increasing level in mining wood cutting and ok google help?
[19:21:32] [Render thread/INFO]: [System] [CHAT] emax was slain by haribek3535 using [[Phantom] Sword]
[19:21:32] [Render thread/INFO]: [System] [CHAT] Land claims are disabled in this world.
[19:21:33] [Render thread/INFO]: [System] [CHAT] Land claims are disabled in this world.
[19:21:36] [Render thread/INFO]: [System] [CHAT] [Member] showforjeff » _Com1_ u it vyom?
[19:21:41] [Render thread/INFO]: [System] [CHAT] [Member] _Com1_ » yes
[19:21:41] [Render thread/INFO]: [System] [CHAT] Land claims are disabled in this world.
[19:21:41] [Render thread/INFO]: [System] [CHAT] [Member] Usageur9 » yo ur a little kid a grown man cna't be saying that to a minor
[19:21:44] [Render thread/INFO]: [System] [CHAT] Request sent to aLiAbIdI. Beware PvP is enabled at destination location.
[19:21:44] [Render thread/INFO]: [System] [CHAT] [Member] Usageur9 » in his age
[19:21:46] [Render thread/INFO]: [System] [CHAT] Teleportation will commence in 3 seconds, don't move.
[19:21:48] [Render thread/INFO]: [System] [CHAT] [❤][✦][Elite] TheFrozenOne » hiii
[19:21:49] [Render thread/INFO]: [System] [CHAT] Attempting to teleport...
[19:21:49] [Render thread/INFO]: [System] [CHAT] Teleporting...
[19:21:52] [Render thread/INFO]: [System] [CHAT] [☆✦][GodLike] MasterChi » hii
[19:21:58] [Render thread/INFO]: [System] [CHAT] * 4xse is no longer AFK.
[19:21:58] [Render thread/INFO]: [System] [CHAT] [❤][✦][Elite] TheFrozenOne » ohh ty
[19:22:01] [Render thread/INFO]: [System] [CHAT] [☆✦][GodLike] MasterChi » yw
[19:22:01] [Render thread/INFO]: [System] [CHAT] [❤][✦][Elite] TheFrozenOne » MasterChi wsp
[19:22:02] [Render thread/INFO]: [System] [CHAT] [Magic Wand] listed on AH for $5,200,000.00
[19:22:03] [Render thread/INFO]: [System] [CHAT] [Member] Usageur9 » a grown man in this age gotta like undrstand what he is saying to a minnor
[19:22:03] [Render thread/INFO]: [System] [CHAT] Hasta la vista, 4xse!
[19:22:04] [Render thread/INFO]: [System] [CHAT] [☆✦][GodLike] MasterChi » good
[19:22:04] [Render thread/INFO]: [System] [CHAT] [Member] showforjeff » _Com1_ im the head
[19:22:05] [Render thread/INFO]: [System] [CHAT] [☆✦][GodLike] MasterChi » wbu
[19:22:10] [Render thread/INFO]: [System] [CHAT] _Com1_ left the game
[19:22:10] [Render thread/INFO]: [System] [CHAT] [❤][✦][Elite] TheFrozenOne » me2 me2
[19:22:14] [Render thread/INFO]: [System] [CHAT] [☆✦][GodLike] MasterChi » nice nice
[19:22:16] [Render thread/INFO]: [System] [CHAT] AAmaster618 joined the game
[19:22:18] [Render thread/INFO]: [System] [CHAT] ozlachie joined the game
[19:22:18] [Render thread/INFO]: [System] [CHAT] [Member] Usageur9 » ur defently 12 or 13
[19:22:19] [Render thread/INFO]: [System] [CHAT] [Member] showforjeff » it might look like im not but
[19:22:19] [Render thread/INFO]: [System] [CHAT] No one has claimed this block.
[19:22:20] [Render thread/INFO]: [System] [CHAT] Game over, JJARCANE_ joined the game.
[19:22:22] [Render thread/INFO]: [System] [CHAT] LordZetana joined the game
[19:22:26] [Render thread/INFO]: [System] [CHAT] * R4byk is no longer AFK.
[19:22:26] [Render thread/INFO]: [System] [CHAT] [Member] showforjeff » guys im the head'
[19:22:27] [Render thread/INFO]: [System] [CHAT] [Citizen] _OPSHADOW_ » TheFrozenOne buy the magic wand and sell in pwarps v poweps
[19:22:28] [Render thread/INFO]: [System] [CHAT] being left the game
[19:22:31] [Render thread/INFO]: [System] [CHAT] [❤][☆✦][TheFallen] LordZetana » JJARCANE_ :D the 1v1 is in 2-3 hours
[19:22:35] [Render thread/INFO]: [System] [CHAT] [CoinFlip] » Dumbeeb opened a new bet on /coinflip!
[19:22:36] [Render thread/INFO]: [System] [CHAT] [❤][✦][Elite] TheFrozenOne » oooo
[19:22:39] [Render thread/INFO]: [System] [CHAT] [Member] emax » he used my pearlsssss
[19:22:40] [Render thread/INFO]: [System] [CHAT] [❤][☆✦][TheFallen] LordZetana » if you're not afraid we'll run it JJARCANE_
[19:22:40] [Render thread/INFO]: [System] [CHAT] wemmbluu joined the game
[19:22:43] [Render thread/INFO]: [System] [CHAT] [❤][✦][Elite] TheFrozenOne » tysm :)
[19:22:47] [Render thread/INFO]: [System] [CHAT] [☆✦][GodLike] MasterChi » yw :D
[19:22:48] [Render thread/INFO]: [System] [CHAT] aswe124 joined the game
[19:22:48] [Render thread/INFO]: [System] [CHAT] wemmbluu left the game
[19:22:51] [Render thread/INFO]: [System] [CHAT] [✦][LoneWolf] JJARCANE_ » LordZetana afraid of you?
[19:22:51] [Render thread/INFO]: [System] [CHAT] [CoinFlip] » Dumbeeb opened a new bet on /coinflip!
[19:22:55] [Render thread/INFO]: [System] [CHAT] haribek3535 left the game
[19:22:55] [Render thread/INFO]: [System] [CHAT] [Member] ForestZ » Usageur9 now shut the do /store off u son of a i wuv you
[19:22:55] [Render thread/INFO]: [System] [CHAT] [Citizen] _OPSHADOW_ » LordZetana Hi i send u the message
[19:22:59] [Render thread/INFO]: [System] [CHAT] [Member] emax » can i have some
[19:23:02] [Render thread/INFO]: [System] [CHAT] [☆✦][Oblivion] R4byk » LordZetana are you by chance trading that balance :D
[19:23:05] [Render thread/INFO]: [System] [CHAT] 
[19:23:05] [Render thread/INFO]: [System] [CHAT]  || Vote for us and get Vote Keys every day!
[19:23:05] [Render thread/INFO]: [System] [CHAT]  || Go to: https://www.extremecraft.net/vote/ *click*
[19:23:05] [Render thread/INFO]: [System] [CHAT] 
[19:23:13] [Render thread/INFO]: [System] [CHAT] [Citizen] _OPSHADOW_ » LordZetana i wanna work
[19:23:15] [Render thread/INFO]: [System] [CHAT] [Member] Usageur9 » ForestZ ur not a grown man
[19:23:17] [Render thread/INFO]: [System] [CHAT] AAmaster618 voted (TopMinecraftServers) and received 1x Vote Key and $500!
[19:23:18] [Render thread/INFO]: [System] [CHAT] [Member] showforjeff » emax im the head here
[19:23:19] [Render thread/INFO]: [System] [CHAT] [❤][☆✦][TheFallen] LordZetana » JJARCANE_ we'll 1v1 in 2 - 3 hours, If you Win, like if chat says; " I was slain by JJARCANE_ "
[19:23:21] [Render thread/INFO]: [System] [CHAT] [❤][☆✦][TheFallen] LordZetana » u win
[19:23:23] [Render thread/INFO]: [System] [CHAT] [Member] ForestZ » Usageur9 good boy
[19:23:24] [Render thread/INFO]: [System] [CHAT] MegaRonsku joined the game
[19:23:24] [Render thread/INFO]: [System] [CHAT] Eyad joined the game
[19:23:25] [Render thread/INFO]: [System] [CHAT] [Member] showforjeff » the general u might say
[19:23:31] [Render thread/INFO]: [System] [CHAT] [✦][LoneWolf] JJARCANE_ » LordZetana 1 v 1 me now here
[19:23:32] [Render thread/INFO]: [System] [CHAT] [❤][☆✦][TheFallen] LordZetana » and u can say anything u want about me JJARCANE_ if I see a death message
[19:23:34] [Render thread/INFO]: [System] [CHAT] [Member] Usageur9 » no freaking way a grown man talking like this to a minor ForestZ
[19:23:35] [Render thread/INFO]: [System] [CHAT] [Member] emax » come here
[19:23:41] [Render thread/INFO]: [System] [CHAT] Let's go home, R4byk left.
[19:23:47] [Render thread/INFO]: [System] [CHAT] [Member] ForestZ » Usageur9 i told u spoonhead
[19:23:49] [Render thread/INFO]: [System] [CHAT] [❤][☆✦][TheFallen] LordZetana » JJARCANE_ my pings unstable and my internet too, its risky to fight u rn else I would've long ago
[19:23:50] [Render thread/INFO]: [System] [CHAT] FreshGamingonYT joined the game
[19:23:53] [Render thread/INFO]: [System] [CHAT] * FreshGamingonYT is now AFK.
[19:23:54] [Render thread/INFO]: [System] [CHAT] [VoteParty] » 50 votes left for the /voteparty!
[19:23:56] [Render thread/INFO]: [System] [CHAT] [✦][LoneWolf] JJARCANE_ » LordZetana ofc
[19:23:58] [Render thread/INFO]: [System] [CHAT] [☆✦][Argos] MasterChi » OOO
[19:24:00] [Render thread/INFO]: [System] [CHAT] [Citizen] _OPSHADOW_ » LordZetana plz i wanna work
[19:24:00] [Render thread/INFO]: [System] [CHAT] [✦][LoneWolf] JJARCANE_ » LordZetana belle reasons
[19:24:00] [Render thread/INFO]: [System] [CHAT] [☆✦][Argos] MasterChi » no spear cd
[19:24:02] [Render thread/INFO]: [System] [CHAT] [❤][☆✦][TheFallen] LordZetana » exactly JJARCANE_
[19:24:02] [Render thread/INFO]: [System] [CHAT] [☆✦][Argos] MasterChi » here
[19:24:03] [Render thread/INFO]: [System] [CHAT] Jemilo17 left the game
[19:24:03] [Render thread/INFO]: [System] [CHAT] [✦][LoneWolf] JJARCANE_ » LordZetana ofc
[19:24:04] [Render thread/INFO]: [System] [CHAT] [❤][☆✦][TheFallen] LordZetana » ;-;
[19:24:05] [Render thread/INFO]: [System] [CHAT] [❤][☆✦][TheFallen] LordZetana » huh
[19:24:06] [Render thread/INFO]: [System] [CHAT]            Player Ad by zyadplays61           
[19:24:06] [Render thread/INFO]: [System] [CHAT]  » buying orecollector or pick a boo for 40mil bal. /msg me(if im online) or /mail me zyadplays61
[19:24:06] [Render thread/INFO]: [System] [CHAT]                                                             
[19:24:07] [Render thread/INFO]: [System] [CHAT] [❤][✦][Elite] TheFrozenOne » yeaa
[19:24:09] [Render thread/INFO]: [System] [CHAT] [Member] Usageur9 » ForestZ dude wtf is wrong with u im a nevermind minor
[19:24:13] [Render thread/INFO]: [System] [CHAT] Jojo_123 fell from a high place
[19:24:16] [Render thread/INFO]: [System] [CHAT] [❤][☆✦][TheFallen] LordZetana » oh jez
[19:24:18] [Render thread/INFO]: [System] [CHAT] [❤][☆✦][TheFallen] LordZetana » ;-;
[19:24:18] [Render thread/INFO]: [System] [CHAT] [❤] * TheFrozenOne MasterChi spear mace based on pvp
[19:24:23] [Render thread/INFO]: [System] [CHAT] [☆✦][Argos] MasterChi » ya ic
[19:24:23] [Render thread/INFO]: [System] [CHAT] gun_done left the game
[19:24:23] [Render thread/INFO]: [System] [CHAT] gun_done burned to death
[19:24:27] [Render thread/INFO]: [System] [CHAT] [Member] Usageur9 » u be talking like this to a 16 years old is crazy dude
[19:24:30] [Render thread/INFO]: [System] [CHAT] Jojo_123 left the game
[19:24:33] [Render thread/INFO]: [System] [CHAT] [✦][LoneWolf] JJARCANE_ » LordZetana you think aswel and blhackerr with help me is that what you think
[19:24:34] [Render thread/INFO]: [System] [CHAT] [☆✦][Argos] MasterChi » im a towny player
[19:24:34] [Render thread/INFO]: [System] [CHAT] gun_done joined the game
[19:24:35] [Render thread/INFO]: [System] [CHAT] [☆✦][Argos] MasterChi » :D
[19:24:38] [Render thread/INFO]: [System] [CHAT] You can't fight someone while you're protected from PvP.
[19:24:39] [Render thread/INFO]: [System] [CHAT] You can't fight someone while you're protected from PvP.
[19:24:40] [Render thread/INFO]: [System] [CHAT] You can't fight someone while you're protected from PvP.
[19:24:40] [Render thread/INFO]: [System] [CHAT] [❤][✦][Elite] TheFrozenOne » MasterChi thats why ım playing here lo
[19:24:41] [Render thread/INFO]: [System] [CHAT] You can't fight someone while you're protected from PvP.
[19:24:41] [Render thread/INFO]: [System] [CHAT] You can't fight someone while you're protected from PvP.
[19:24:44] [Render thread/INFO]: [System] [CHAT] [❤][✦][Elite] TheFrozenOne » MasterChi nice nice
[19:24:47] [Render thread/INFO]: [System] [CHAT] [☆✦][Argos] MasterChi » ah good
[19:24:48] [Render thread/INFO]: [System] [CHAT] [Member] ForestZ » Usageur9 u aint not 16
[19:24:49] [Render thread/INFO]: [System] [CHAT] [❤][☆✦][TheFallen] LordZetana » JJARCANE_ yeah, ur obviously gonna ask for help
[19:24:49] [Render thread/INFO]: [System] [CHAT] [Member] emax » i lost my wind charges and f pearls
[19:24:55] [Render thread/INFO]: [System] [CHAT] [Member] Usageur9 » i am 16
[19:25:00] [Render thread/INFO]: [System] [CHAT] [✦][LoneWolf] JJARCANE_ » LordZetana Are you aware of NULL
[19:25:00] [Render thread/INFO]: [System] [CHAT] rush797 joined the game
[19:25:02] [Render thread/INFO]: [System] [CHAT] [Member] ForestZ » Usageur9 no ur not
[19:25:04] [Render thread/INFO]: [System] [CHAT] [❤][☆✦][TheFallen] LordZetana » JJARCANE_ you brutally lost to me in /go pvp just now ;-;
[19:25:06] [Render thread/INFO]: [System] [CHAT] [❤][☆✦][TheFallen] LordZetana » how can u
[19:25:09] [Render thread/INFO]: [System] [CHAT] [❤][☆✦][TheFallen] LordZetana » possibly
[19:25:10] [Render thread/INFO]: [System] [CHAT] [❤][☆✦][TheFallen] LordZetana » win
[19:25:11] [Render thread/INFO]: [System] [CHAT] [✦][LoneWolf] JJARCANE_ » LordZetana lost you?
[19:25:12] [Render thread/INFO]: [System] [CHAT] gun_done left the game
[19:25:14] [Render thread/INFO]: [System] [CHAT] [Member] Usageur9 » and u mf a grown man be talking like this to me i told u im a minor dude ForestZ
[19:25:15] [Render thread/INFO]: [System] [CHAT] TractorsRullz left the game
[19:25:17] [Render thread/INFO]: [System] [CHAT] [✦][LoneWolf] JJARCANE_ » LordZetana it wasnt even a match
[19:25:21] [Render thread/INFO]: [System] [CHAT] [❤][☆✦][TheFallen] LordZetana » really?
[19:25:24] [Render thread/INFO]: [System] [CHAT] [❤][☆✦][TheFallen] LordZetana » well fr tho
[19:25:29] [Render thread/INFO]: [System] [CHAT] [❤][☆✦][TheFallen] LordZetana » I lwk wanna fight u HERE JJARCANE_
[19:25:31] [Render thread/INFO]: [System] [CHAT] Afnan13 left the game
[19:25:32] [Render thread/INFO]: [System] [CHAT] [❤] * TheFrozenOne MasterChi cya :)
[19:25:33] [Render thread/INFO]: [System] [CHAT] [❤][☆✦][TheFallen] LordZetana » ./go pvp is brouhaha
[19:25:36] [Render thread/INFO]: [System] [CHAT] [☆✦][Argos] MasterChi » cyaa
[19:25:36] [Render thread/INFO]: [System] [CHAT] [Member] ForestZ » Usageur9 16 yr old being have a more *blushes* up humer then a 13 yr old is crazy
[19:25:37] [Render thread/INFO]: [System] [CHAT] TheFrozenOne left the game
[19:25:40] [Render thread/INFO]: [System] [CHAT] buildtillidie left the game
[19:25:45] [Render thread/INFO]: [System] [CHAT] [❤][✦][Ghoul] rush797 » if you try to kill jj i am cominf after you LordZetana
[19:25:47] [Render thread/INFO]: [System] [CHAT] haribek3535 joined the game
[19:25:47] [Render thread/INFO]: [System] [CHAT] [Member] emax » im not
[19:25:48] [Render thread/INFO]: [System] [CHAT] ed8tor left the game
[19:25:49] [Render thread/INFO]: [System] [CHAT] [❤][✦][Ghoul] rush797 » on god i am
[19:25:50] [Render thread/INFO]: [System] [CHAT] [Member] ForestZ » holly what did i type
[19:25:53] [Render thread/INFO]: [System] [CHAT] MasterChi left the game
[19:25:57] [Render thread/INFO]: [System] [CHAT] otto_von_salza joined the game
[19:25:59] [Render thread/INFO]: [System] [CHAT] [Member] emax » im js looking
[19:26:00] [Render thread/INFO]: [System] [CHAT] _OPSHADOW_ left the game
[19:26:00] [Render thread/INFO]: [System] [CHAT] otto_von_salza left the game
[19:26:05] [Render thread/INFO]: [System] [CHAT] [Member] showforjeff » emax u have some gear? i died to the void tryna 2v1 vyom and felix1256
[19:26:05] [Render thread/INFO]: [System] [CHAT] [❤][☆✦][TheFallen] LordZetana » rush797 are u crazy? JJARCANE_ 's arranging a 1v1 with me sorry daddy
[19:26:10] [Render thread/INFO]: [System] [CHAT] [Member] ForestZ » who has a wither skeleton head
[19:26:11] [Render thread/INFO]: [System] [CHAT] [❤][✦][Ghoul] rush797 » good boy
[19:26:12] [Render thread/INFO]: [System] [CHAT] [7x [Vote Key]] listed on AH for $330,000.00
[19:26:17] [Render thread/INFO]: [System] [CHAT] [✦][Citizen] AAmaster618 » Ahhh
[19:26:18] [Render thread/INFO]: [System] [CHAT] [Member] Usageur9 » ForestZ my dad didn't teach me to talk back to people older than me u be cursing like crazy to a kid
[19:26:23] [Render thread/INFO]: [System] [CHAT] [✦][LoneWolf] JJARCANE_ » LordZetana im not doing rawr xd you are saying do this and do that
[19:26:36] [Render thread/INFO]: [System] [CHAT] [✦][LoneWolf] JJARCANE_ » LordZetana all your manipulation everywhen
[19:26:39] [Render thread/INFO]: [System] [CHAT] [❤][☆✦][TheFallen] LordZetana » Gang, our 1 v 1 is in 2 - 3 hours JJARCANE_
[19:26:42] [Render thread/INFO]: [System] [CHAT] [Member] ForestZ » Usageur9 do i give a goddam flying small
[19:26:46] [Render thread/INFO]: [System] [CHAT] [Member] Usageur9 » why im i talking to u u gotta be a phsicho ForestZ
[19:26:47] [Render thread/INFO]: [System] [CHAT] [❤][☆✦][TheFallen] LordZetana » tfym by manipulation ?
[19:26:53] [Render thread/INFO]: [System] [CHAT] [❤][☆✦][TheFallen] LordZetana » who am i manipulating?
[19:26:58] [Render thread/INFO]: [System] [CHAT] [Member] ForestZ » Usageur9 psycho
[19:27:01] [Render thread/INFO]: [System] [CHAT] [❤][☆✦][TheFallen] LordZetana » How much have you been deceived gang
[19:27:02] [Render thread/INFO]: [System] [CHAT] [❤][☆✦][TheFallen] LordZetana » T-T
[19:27:06] [Render thread/INFO]: [System] [CHAT] [✦][LoneWolf] JJARCANE_ » rdZetana 2-3 hours mf you are not even man enoguht and i am not even *blushes* free like you in 2-3 hours
[19:27:13] [Render thread/INFO]: [System] [CHAT] [Member] ForestZ » Usageur9 sec time i corrected ur grammer btw
[19:27:21] [Render thread/INFO]: [System] [CHAT] [❤][☆✦][TheFallen] LordZetana » JJARCANE_ I have things to do + my ping :D so im not always free
[19:27:34] [Render thread/INFO]: [System] [CHAT] [✦][LoneWolf] JJARCANE_ » LordZetana and i have job to do you piece of sorry
[19:27:36] [Render thread/INFO]: [System] [CHAT] hamdyaahbl joined the game
[19:27:38] [Render thread/INFO]: [System] [CHAT] [Member] Usageur9 » ForestZ dude u cursing to a minor is crazy thats the only part
[19:27:42] [Render thread/INFO]: [System] [CHAT] [Member] Usageur9 » im reporting u
[19:27:54] [Render thread/INFO]: [System] [CHAT] [✦][LoneWolf] JJARCANE_ » LordZetana i dont have time to waste on you or your pathetic life
[19:27:59] [Render thread/INFO]: [System] [CHAT] [Member] ForestZ » Usageur9 do i give a flying rawr xd im a minor too
[19:28:01] [Render thread/INFO]: [System] [CHAT] [❤][☆✦][TheFallen] LordZetana » mm, losing control of yourself isn't good in arguments JJARCANE_ u might say some bad things
[19:28:03] [Render thread/INFO]: [System] [CHAT] [✦][LoneWolf] JJARCANE_ » LordZetana all your *dabs* lies
[19:28:10] [Render thread/INFO]: [System] [CHAT] [✦][LoneWolf] JJARCANE_ » LordZetana lost control?
[19:28:18] [Render thread/INFO]: [System] [CHAT] [❤][☆✦][TheFallen] LordZetana » Calm down gang
[19:28:19] [Render thread/INFO]: [System] [CHAT] [✦][LoneWolf] JJARCANE_ » LordZetana i mean every word i say
[19:28:24] [Render thread/INFO]: [System] [CHAT] [❤][☆✦][TheFallen] LordZetana » I know
[19:28:29] [Render thread/INFO]: [System] [CHAT] [✦][LoneWolf] JJARCANE_ » LordZetana do you know what i want from you
[19:28:30] [Render thread/INFO]: [System] [CHAT] showforjeff left the game
[19:28:31] [Render thread/INFO]: [System] [CHAT] [❤][☆✦][TheFallen] LordZetana » All the way over here I can feel ur anger
[19:28:32] [Render thread/INFO]: [System] [CHAT] [✦][Citizen] AAmaster618 » weibou wanna buy this?
[19:28:41] [Render thread/INFO]: [System] [CHAT] iamAdam67 joined the game
[19:28:42] [Render thread/INFO]: [System] [CHAT] [✦][LoneWolf] JJARCANE_ » LordZetana what i actaully nevermind wanted from you
[19:28:43] [Render thread/INFO]: [System] [CHAT] [Member] Usageur9 » ForestZ how old are u son
[19:28:46] [Render thread/INFO]: [System] [CHAT] iamAdam67 left the game
[19:28:46] [Render thread/INFO]: [System] [CHAT] [❤][☆✦][TheFallen] LordZetana » you want me dead ? JJARCANE_ lol
[19:28:50] [Render thread/INFO]: [System] [CHAT] [❤][☆✦][TheFallen] LordZetana » not happening
[19:28:51] [Render thread/INFO]: [System] [CHAT] [✦][LoneWolf] JJARCANE_ » LordZetana do you know that
[19:28:53] [Render thread/INFO]: [System] [CHAT] [❤][✦][Ghoul] rush797 » everyone does
[19:28:54] [Render thread/INFO]: [System] [CHAT] [CoinFlip] » Dumbeeb opened a new bet on /coinflip!
[19:28:55] [Render thread/INFO]: [System] [CHAT] hugopreston joined the game
[19:28:58] [Render thread/INFO]: [System] [CHAT] [Member] Usageur9 » cuz u mf gotta be haha to talk like this in a little kids game u m
[19:28:59] [Render thread/INFO]: [System] [CHAT] [Member] Usageur9 » mf
[19:29:00] [Render thread/INFO]: [System] [CHAT] [Member] ForestZ » Usageur9 dont u dare call me son ever again 13
[19:29:03] [Render thread/INFO]: [System] [CHAT] [❤][✦][Ghoul] rush797 » not happening?
[19:29:03] [Render thread/INFO]: [System] [CHAT] Unknown or incomplete command. See below for error\n<--[HERE]
[19:29:03] [Render thread/INFO]: [System] [CHAT] [❤][☆✦][TheFallen] LordZetana » you can never kill me JJARCANE_ even if everyone else can :D
[19:29:04] [Render thread/INFO]: [System] [CHAT] [❤][✦][Ghoul] rush797 » kid
[19:29:04] [Render thread/INFO]: [System] [CHAT] Unknown or incomplete command. See below for error\n<--[HERE]
[19:29:06] [Render thread/INFO]: [System] [CHAT]               Player Ad by Dumbeeb              
[19:29:06] [Render thread/INFO]: [System] [CHAT]  » Sell vote keys for 185k each! limited time price at /pwarp v Raise
[19:29:06] [Render thread/INFO]: [System] [CHAT]                                                             
[19:29:08] [Render thread/INFO]: [System] [CHAT] showforjeff joined the game
[19:29:10] [Render thread/INFO]: [System] [CHAT] [Member] Usageur9 » ForestZ son
[19:29:11] [Render thread/INFO]: [System] [CHAT] [Shop] » You just bought 1x Coal Block for $1,800.00.
[19:29:12] [Render thread/INFO]: [System] [CHAT] [Shop] » You just bought 1x Coal Block for $1,800.00.
[19:29:12] [Render thread/INFO]: [System] [CHAT] [Shop] » You just bought 1x Coal Block for $1,800.00.
[19:29:12] [Render thread/INFO]: [System] [CHAT] [Shop] » You just bought 1x Coal Block for $1,800.00.
[19:29:12] [Render thread/INFO]: [System] [CHAT] [Shop] » You just bought 1x Coal Block for $1,800.00.
[19:29:12] [Render thread/INFO]: [System] [CHAT] [Shop] » You just bought 1x Coal Block for $1,800.00.
[19:29:12] [Render thread/INFO]: [System] [CHAT] [Shop] » You just bought 1x Coal Block for $1,800.00.
[19:29:13] [Render thread/INFO]: [System] [CHAT] [Shop] » You just bought 1x Coal Block for $1,800.00.
[19:29:13] [Render thread/INFO]: [System] [CHAT] [Shop] » You just bought 1x Coal Block for $1,800.00.
[19:29:13] [Render thread/INFO]: [System] [CHAT] [Shop] » You just bought 1x Coal Block for $1,800.00.
[19:29:13] [Render thread/INFO]: [System] [CHAT] [Shop] » You just bought 1x Coal Block for $1,800.00.
[19:29:13] [Render thread/INFO]: [System] [CHAT] [Shop] » You just bought 1x Coal Block for $1,800.00.
[19:29:14] [Render thread/INFO]: [System] [CHAT] [Shop] » You just bought 1x Coal Block for $1,800.00.
[19:29:14] [Render thread/INFO]: [System] [CHAT] [Shop] » You just bought 1x Coal Block for $1,800.00.
[19:29:14] [Render thread/INFO]: [System] [CHAT] [❤][✦][Ghoul] rush797 » i cant kill you zetana_
[19:29:14] [Render thread/INFO]: [System] [CHAT] [Shop] » You just bought 1x Coal Block for $1,800.00.
[19:29:14] [Render thread/INFO]: [System] [CHAT] [Shop] » You just bought 1x Coal Block for $1,800.00.
[19:29:15] [Render thread/INFO]: [System] [CHAT] [Shop] » You just bought 1x Coal Block for $1,800.00.
[19:29:15] [Render thread/INFO]: [System] [CHAT] [Shop] » You just bought 1x Coal Block for $1,800.00.
[19:29:15] [Render thread/INFO]: [System] [CHAT] [Shop] » Insufficient funds!
[19:29:15] [Render thread/INFO]: [System] [CHAT] [Shop] » Insufficient funds!
[19:29:15] [Render thread/INFO]: [System] [CHAT] [Shop] » Insufficient funds!
[19:29:15] [Render thread/INFO]: [System] [CHAT] [Shop] » Insufficient funds!
[19:29:16] [Render thread/INFO]: [System] [CHAT] [Shop] » Insufficient funds!
[19:29:16] [Render thread/INFO]: [System] [CHAT] [Shop] » Insufficient funds!
[19:29:16] [Render thread/INFO]: [System] [CHAT] [Shop] » Insufficient funds!
[19:29:17] [Render thread/INFO]: [System] [CHAT] [CoinFlip] » Dumbeeb opened a new bet on /coinflip!
[19:29:30] [Render thread/INFO]: Connecting to sl.extremecraft.net, 25565
[19:29:30] [Render thread/INFO]: [System] [CHAT]                         Welcome                        
[19:29:30] [Render thread/INFO]: [System] [CHAT] 
[19:29:30] [Render thread/INFO]: [System] [CHAT]    Welcome to ExtremeCraft.net
[19:29:30] [Render thread/INFO]: [System] [CHAT] 
[19:29:30] [Render thread/INFO]: [System] [CHAT]    Website: https://www.extremecraft.net/
[19:29:30] [Render thread/INFO]: [System] [CHAT]    Discord: https://discord.gg/bhZKakC
[19:29:30] [Render thread/INFO]: [System] [CHAT]    Buy Coins: https://www.extremecraft.net/store/
[19:29:30] [Render thread/INFO]: [System] [CHAT] 
[19:29:30] [Render thread/INFO]: [System] [CHAT]                                                             
[19:29:30] [Render thread/INFO]: [System] [CHAT] NezarFB joined the game
[19:29:30] [Render thread/INFO]: [System] [CHAT] gibson1010 left the game
[19:29:31] [Render thread/INFO]: [System] [CHAT] AHMV left the game
[19:29:33] [Render thread/INFO]: [System] [CHAT] Jojo_123 joined the game
[19:29:36] [Worker-Main-11/INFO]: [STDOUT]: [SKlauncher/ERROR] Failed to fetch data for 7f54fc5f-07ea-2271-b759-bcc6c41f96a6: java.net.SocketTimeoutException: Read timed out
	at java.base/sun.nio.ch.NioSocketImpl.timedRead(NioSocketImpl.java:277)
	at java.base/sun.nio.ch.NioSocketImpl.implRead(NioSocketImpl.java:302)
	at java.base/sun.nio.ch.NioSocketImpl.read(NioSocketImpl.java:354)
	at java.base/sun.nio.ch.NioSocketImpl$1.read(NioSocketImpl.java:798)
	at java.base/java.net.Socket$SocketInputStream.implRead(Socket.java:974)
	at java.base/java.net.Socket$SocketInputStream.read(Socket.java:964)
	at java.base/sun.security.ssl.SSLSocketInputRecord.read(SSLSocketInputRecord.java:489)
	at java.base/sun.security.ssl.SSLSocketInputRecord.readHeader(SSLSocketInputRecord.java:483)
	at java.base/sun.security.ssl.SSLSocketInputRecord.bytesInCompletePacket(SSLSocketInputRecord.java:70)
	at java.base/sun.security.ssl.SSLSocketImpl.readApplicationRecord(SSLSocketImpl.java:1461)
	at java.base/sun.security.ssl.SSLSocketImpl$AppInputStream.read(SSLSocketImpl.java:1068)
	at java.base/java.io.BufferedInputStream.fill(BufferedInputStream.java:289)
	at java.base/java.io.BufferedInputStream.read1(BufferedInputStream.java:330)
	at java.base/java.io.BufferedInputStream.read(BufferedInputStream.java:388)
	at java.base/sun.net.www.http.HttpClient.parseHTTPHeader(HttpClient.java:795)
	at java.base/sun.net.www.http.HttpClient.parseHTTP(HttpClient.java:727)
	at java.base/sun.net.www.protocol.http.HttpURLConnection.getInputStream0(HttpURLConnection.java:1392)
	at java.base/sun.net.www.protocol.http.HttpURLConnection.getInputStream(HttpURLConnection.java:1302)
	at java.base/java.net.HttpURLConnection.getResponseCode(HttpURLConnection.java:493)
	at java.base/sun.net.www.protocol.https.HttpsURLConnectionImpl.getResponseCode(HttpsURLConnectionImpl.java:307)
	at com.sklauncher.injector.Utils.readStringFromURL(Utils.java:54)
	at com.sklauncher.injector.Utils.readStringFromURL(Utils.java:37)
	at com.sklauncher.injector.MojangSkinProvider.fetchProfileData(MojangSkinProvider.java:75)
	at com.sklauncher.injector.MojangSkinProvider.getProfileProperties(MojangSkinProvider.java:45)
	at com.sklauncher.injector.MojangSkinProvider.getProfileProperties(MojangSkinProvider.java:40)
	at com.sklauncher.injector.transformers.SkinManagerTransformer.hookProfile(SkinManagerTransformer.java:94)
	at net.minecraft.client.resources.SkinManager$1.lambda$load$0(SkinManager.java:56)
	at java.base/java.util.concurrent.CompletableFuture$AsyncSupply.run(CompletableFuture.java:1789)
	at java.base/java.util.concurrent.CompletableFuture$AsyncSupply.exec(CompletableFuture.java:1781)
	at java.base/java.util.concurrent.ForkJoinTask.doExec(ForkJoinTask.java:511)
	at java.base/java.util.concurrent.ForkJoinPool$WorkQueue.topLevelExec(ForkJoinPool.java:1450)
	at java.base/java.util.concurrent.ForkJoinPool.runWorker(ForkJoinPool.java:2019)
	at java.base/java.util.concurrent.ForkJoinWorkerThread.run(ForkJoinWorkerThread.java:187)

[19:29:36] [Render thread/INFO]: [System] [CHAT] DitiTV_YT left the game
[19:29:36] [Render thread/INFO]: [System] [CHAT] Connecting to bedwars...
[19:29:37] [Render thread/INFO]: [System] [CHAT] NezarFB joined the game
[19:29:41] [Render thread/INFO]: [System] [CHAT] VISHALxi3 was doomed to fall by Gamelord
[19:29:41] [Render thread/INFO]: [System] [CHAT] BedWars » NezarFB joined the game! [7/16]
[19:29:47] [Render thread/INFO]: [System] [CHAT] VISHALxi3 left the game
[19:30:09] [Render thread/INFO]: [System] [CHAT] BedWars » Selected team: Green [1/2]
[19:30:18] [Render thread/INFO]: [System] [CHAT] DivineKnight fell out of the world
[19:30:18] [Render thread/INFO]: [System] [CHAT] aLiAbIdI joined the game
[19:30:43] [Render thread/INFO]: [System] [CHAT] DivineKnight didn't want to live in the same world as sergeibra
[19:30:44] [Render thread/INFO]: [System] [CHAT] Proy_1yt was slain by Gamelord
[19:30:47] [Render thread/INFO]: Connecting to sl.extremecraft.net, 25565
[19:30:48] [Render thread/INFO]: [System] [CHAT]                         Welcome                        
[19:30:48] [Render thread/INFO]: [System] [CHAT] 
[19:30:48] [Render thread/INFO]: [System] [CHAT]    Welcome to ExtremeCraft.net
[19:30:48] [Render thread/INFO]: [System] [CHAT] 
[19:30:48] [Render thread/INFO]: [System] [CHAT]    Website: https://www.extremecraft.net/
[19:30:48] [Render thread/INFO]: [System] [CHAT]    Discord: https://discord.gg/bhZKakC
[19:30:48] [Render thread/INFO]: [System] [CHAT]    Buy Coins: https://www.extremecraft.net/store/
[19:30:48] [Render thread/INFO]: [System] [CHAT] 
[19:30:48] [Render thread/INFO]: [System] [CHAT]                                                             
[19:30:48] [Render thread/INFO]: [System] [CHAT] NezarFB joined the game
[19:30:52] [Render thread/INFO]: [System] [CHAT] Connecting to bedwars...
[19:30:53] [Render thread/INFO]: [System] [CHAT] NezarFB joined the game
[19:30:53] [Worker-Main-13/INFO]: [STDOUT]: [SKlauncher/ERROR] Failed to fetch data for ec5d748e-2bde-25b4-9e67-7444a2b8cff9: java.net.SocketTimeoutException: Read timed out
	at java.base/sun.nio.ch.NioSocketImpl.timedRead(NioSocketImpl.java:277)
	at java.base/sun.nio.ch.NioSocketImpl.implRead(NioSocketImpl.java:302)
	at java.base/sun.nio.ch.NioSocketImpl.read(NioSocketImpl.java:354)
	at java.base/sun.nio.ch.NioSocketImpl$1.read(NioSocketImpl.java:798)
	at java.base/java.net.Socket$SocketInputStream.implRead(Socket.java:974)
	at java.base/java.net.Socket$SocketInputStream.read(Socket.java:964)
	at java.base/sun.security.ssl.SSLSocketInputRecord.read(SSLSocketInputRecord.java:489)
	at java.base/sun.security.ssl.SSLSocketInputRecord.readHeader(SSLSocketInputRecord.java:483)
	at java.base/sun.security.ssl.SSLSocketInputRecord.bytesInCompletePacket(SSLSocketInputRecord.java:70)
	at java.base/sun.security.ssl.SSLSocketImpl.readApplicationRecord(SSLSocketImpl.java:1461)
	at java.base/sun.security.ssl.SSLSocketImpl$AppInputStream.read(SSLSocketImpl.java:1068)
	at java.base/java.io.BufferedInputStream.fill(BufferedInputStream.java:289)
	at java.base/java.io.BufferedInputStream.read1(BufferedInputStream.java:330)
	at java.base/java.io.BufferedInputStream.read(BufferedInputStream.java:388)
	at java.base/sun.net.www.http.HttpClient.parseHTTPHeader(HttpClient.java:795)
	at java.base/sun.net.www.http.HttpClient.parseHTTP(HttpClient.java:727)
	at java.base/sun.net.www.protocol.http.HttpURLConnection.getInputStream0(HttpURLConnection.java:1392)
	at java.base/sun.net.www.protocol.http.HttpURLConnection.getInputStream(HttpURLConnection.java:1302)
	at java.base/java.net.HttpURLConnection.getResponseCode(HttpURLConnection.java:493)
	at java.base/sun.net.www.protocol.https.HttpsURLConnectionImpl.getResponseCode(HttpsURLConnectionImpl.java:307)
	at com.sklauncher.injector.Utils.readStringFromURL(Utils.java:54)
	at com.sklauncher.injector.Utils.readStringFromURL(Utils.java:37)
	at com.sklauncher.injector.MojangSkinProvider.fetchProfileData(MojangSkinProvider.java:75)
	at com.sklauncher.injector.MojangSkinProvider.getProfileProperties(MojangSkinProvider.java:45)
	at com.sklauncher.injector.MojangSkinProvider.getProfileProperties(MojangSkinProvider.java:40)
	at com.sklauncher.injector.transformers.SkinManagerTransformer.hookProfile(SkinManagerTransformer.java:94)
	at net.minecraft.client.resources.SkinManager$1.lambda$load$0(SkinManager.java:56)
	at java.base/java.util.concurrent.CompletableFuture$AsyncSupply.run(CompletableFuture.java:1789)
	at java.base/java.util.concurrent.CompletableFuture$AsyncSupply.exec(CompletableFuture.java:1781)
	at java.base/java.util.concurrent.ForkJoinTask.doExec(ForkJoinTask.java:511)
	at java.base/java.util.concurrent.ForkJoinPool$WorkQueue.topLevelExec(ForkJoinPool.java:1450)
	at java.base/java.util.concurrent.ForkJoinPool.runWorker(ForkJoinPool.java:2019)
	at java.base/java.util.concurrent.ForkJoinWorkerThread.run(ForkJoinWorkerThread.java:187)

[19:30:54] [Render thread/INFO]: [System] [CHAT] BedWars » NezarFB joined the game! [2/8]
[19:30:56] [Render thread/INFO]: [System] [CHAT] BedWars » m0nesy joined the game! [3/8]
[19:31:05] [Render thread/INFO]: [System] [CHAT] aLiAbIdI joined the game
[19:31:09] [Render thread/INFO]: [System] [CHAT] BedWars » aLiAbIdI joined the game! [4/8]
[19:31:13] [Render thread/INFO]: [System] [CHAT] crobix left the game
[20:27:24] [Render thread/INFO]: Stopping!
